,date,text,ticker
0,2022-04-15 00:45:20+00:00,Beyond Meat Inc. - Comunicado ao Mercado,bynd
1,2022-04-14 22:20:18.424000+00:00,"BEYOND MEAT, INC. SEC Filings files Form -- 4",bynd
2,2022-04-12 22:34:48.261000+00:00,"Refinitiv Newscasts - Trading at Noon:  Stocks climb, Treasury yields slip as U.S. CPI data fails to surprise",bynd
3,2022-04-12 15:11:32.353000+00:00,"Expands Availability of Beyond Chicken(r) Tenders at over 8,000 New Outlets Nationwide, Including Grocery, Pharmacy and Club Stores",bynd
4,2022-04-12 14:19:44+00:00,Beyond Meat Inc. - Comunicado ao Mercado,bynd
5,2022-04-12 13:21:25.731000+00:00,"Beyond Meat Says It Is Expanding Availability Of Beyond Chicken Tenders To Albertsons, CVS, Sprouts And Whole Foods Market Stores Nationwide",bynd
6,2022-04-12 13:14:07+00:00,"BRIEF-Beyond Meat Says It Is Expanding Availability Of Beyond Chicken Tenders To Albertsons, CVS, Sprouts And Whole Foods Market Stores Nationwide",bynd
7,2022-04-12 13:06:51.054000+00:00,"BEYOND MEAT, INC. Files Proxy Statement -- DEF 14A",bynd
8,2022-04-12 13:06:43.141000+00:00,"BEYOND MEAT, INC. Files Amended Proxy Statement -- DEFA14A",bynd
9,2022-04-12 13:00:00.586000+00:00,"Beyond Meat® Expands Availability of Beyond Chicken® Tenders at over 8,000 New Outlets Nationwide, Including Grocery, Pharmacy and Club Stores",bynd
10,2022-04-12 12:34:09+00:00,BUZZ-Beyond Meat rises on expanding distribution of plant-based chicken tenders,bynd
11,2022-04-12 12:18:51.810000+00:00,BEYOND MEAT - EXPANDING AVAILABILITY OF BEYOND CHICKEN TENDERS INTO ALL KROGER BANNERS THROUGHOUT APRIL,bynd
12,2022-04-12 12:18:51.794000+00:00,"BEYOND MEAT - EXPANDING AVAILABILITY OF BEYOND CHICKEN TENDERS TO ALBERTSONS, CVS, SPROUTS AND WHOLE FOODS MARKET STORES NATIONWIDE",bynd
13,2022-04-09 02:00:45+00:00,Beyond Meat Inc. - Comunicado ao Mercado,bynd
14,2022-04-08 23:22:18.293000+00:00,Beyond Meat (BYND) Dips More Than Broader Markets: What You Should Know,bynd
15,2022-04-08 21:52:14.294000+00:00,Notice to Current Stockholders of Proposed Settlement and Dismissal with Prejudice of Derivative Actions,bynd
16,2022-04-08 21:37:57.071000+00:00,Notice to Current Beyond Meat Stockholders of Proposed Settlement and Dismissal with Prejudice of Derivative Actions,bynd
17,2022-04-08 21:22:40.794000+00:00,BEYOND MEAT-ISSUED PRESS RELEASE ANNOUNCING NOTICE TO CURRENT CO STOCKHOLDERS OF PROPOSED SETTLEMENT & DISMISSAL WITH PREJUDICE OF DERIVATIVE ACTIONS,bynd
18,2022-04-08 21:19:49.374000+00:00,"BEYOND MEAT, INC. Files -- 8-K",bynd
19,2022-04-08 17:41:55.255000+00:00,Plant Based Meat Alternatives Thrive in Health Conscious Market,bynd
20,2022-04-07 15:03:10.156000+00:00,"Launches the Beyond Burger(r) and Beyond Meatballs(r) at Approximately 2,000 Rite Aid Stores Nationwide",bynd
21,2022-04-07 13:00:09.475000+00:00,"BEYOND MEAT® LAUNCHES THE BEYOND BURGER® AND BEYOND MEATBALLS® AT APPROXIMATELY 2,000 RITE AID STORES NATIONWIDE",bynd
22,2022-04-07 13:00:00.311000+00:00,"Beyond Meat® Launches the Beyond Burger® and Beyond Meatballs® at Approximately 2,000 Rite Aid Stores Nationwide",bynd
23,2022-04-02 19:31:13.659000+00:00,"Plant-based jerky opening gambit from Beyond Meat, PepsiCo tie-up",bynd
24,2022-03-31 14:06:11.814000+00:00,Now on the REG SHO Threshold Security List,bynd
25,2022-03-30 13:43:12.790000+00:00,Plant Based Food Trends Pick Up Steam as Major Players Enter the Market,bynd
26,2022-03-30 13:03:23.201000+00:00,BEYOND MEAT INC <BYND.O>: UBS INITIATES COVERAGE WITH NEUTRAL RATING; TARGET PRICE $48,bynd
27,2022-03-29 14:28:51+00:00,Tobacco has new role to play in cultivated meat production - Israeli biotech says,bynd
28,2022-03-29 12:00:05.069000+00:00,VegTech™ Invest Launches the VegTech™ Plant-based Innovation & Alternative Proteins Index,bynd
29,2022-03-28 18:58:56+00:00,"BUZZ-U.S. STOCKS ON THE MOVE-Verastem, Nio, metal miners",bynd
30,2022-03-28 18:53:32+00:00,"U.S. RESEARCH ROUNDUP-Beyond Meat, Kennametal, McDonald's",bynd
31,2022-03-28 16:31:35+00:00,"BUZZ-U.S. STOCKS ON THE MOVE-DatChat Inc, HP Inc, Natural gas firms",bynd
32,2022-03-28 14:01:07+00:00,BUZZ-Not lovin' it: Piper Sandler flags risks to Beyond Meat's tie-up with McDonald's,bynd
33,2022-03-28 13:54:37+00:00,"BUZZ-U.S. STOCKS ON THE MOVE-Plantronics Inc, Huntsman Corp, Crypto stocks",bynd
34,2022-03-28 12:24:43+00:00,"BUZZ-U.S. STOCKS ON THE MOVE-Tesla, Uber, Apple",bynd
35,2022-03-28 10:36:08.524000+00:00,BEYOND MEAT INC SHARES DOWN 5.1% PREMARKET AFTER PIPER SANDLER DOWNGRADES CO TO UNDERWEIGHT,bynd
36,2022-03-28 09:43:39+00:00,BUZZ-Competition to bite Beyond Meat - Piper Sandler,bynd
37,2022-03-28 02:44:59.690000+00:00,BEYOND MEAT INC <BYND.O>: PIPER SANDLER CUTS TO UNDERWEIGHT FROM NEUTRAL; CUTS TARGET PRICE TO $29 FROM $50,bynd
38,2022-03-25 13:53:32.105000+00:00,"Megatrends: CEO’s of TLRY, OGGFF, BYND, BIRD Focus on Next Wave of Billion Dollar Market Opportunities in Cannabis, and Plant-Based Lifestyles",bynd
39,2022-03-24 23:40:24.960000+00:00,Beyond Meat (BYND) Gains But Lags Market: What You Should Know,bynd
40,2022-03-24 21:21:55.663000+00:00,Beyond Meat launches store on Pinduoduo,bynd
41,2022-03-24 18:06:31.816000+00:00,Beyond Meat launches store on Pinduoduo e-commerce platform as China's appetite for plant-based protein soars,bynd
42,2022-03-24 02:46:19+00:00,BRIEF-米ビヨンド・ミートとペプシコのＪＶ、「ビヨンド・ミート・ジャーキー」を発売,bynd
43,2022-03-24 00:18:54+00:00,Beyond Meat Inc. - Comunicado ao Mercado,bynd
44,2022-03-23 22:13:09.227000+00:00,"BEYOND MEAT, INC. SEC Filings files Form -- 4",bynd
45,2022-03-23 18:23:30+00:00,"Frito-Lay Inc. - Beyond Meat® and PepsiCo’s Planet Partnership Debuts Beyond Meat Jerky, the Joint Venture’s First Product, at Retailers Nationwide",bynd
46,2022-03-23 18:10:32+00:00,"BUZZ-U.S. STOCKS ON THE MOVE-Allego, GameStop, Worthington",bynd
47,2022-03-23 14:46:36+00:00,BÖRSEN-TICKER-Beyond Meat besteht den Pepsi-Test,bynd
48,2022-03-23 14:10:41+00:00,BUZZ-Beyond Meat jumps after launching first product in partnership with PepsiCo,bynd
49,2022-03-23 13:29:08.218000+00:00,Beyond Meat And PepsiCo’S Planet Partnership Debuts Beyond Meat Jerky,bynd
50,2022-03-23 13:29:07.662000+00:00,Beyond Meat And PepsiCo’S Planet Partnership Debuts Beyond Meat Jerky,bynd
51,2022-03-23 13:15:25+00:00,BRIEF-Beyond Meat And PepsiCo’S Planet Partnership Debuts Beyond Meat Jerky,bynd
52,2022-03-23 13:00:09.091000+00:00,"Beyond Meat® and PepsiCo's Planet Partnership Debuts Beyond Meat Jerky, the Joint Venture's First Product, at Retailers Nationwide",bynd
53,2022-03-23 13:00:00+00:00,BEYOND MEAT - BEYOND MEAT JERKY WILL BE ROLLING OUT AT STORES NATIONWIDE STARTING IN MARCH,bynd
54,2022-03-23 13:00:00+00:00,"BEYOND MEAT AND PEPSICO’S PLANET PARTNERSHIP DEBUTS BEYOND MEAT JERKY, JV’S FIRST PRODUCT, AT RETAILERS NATIONWIDE",bynd
55,2022-03-17 16:52:20+00:00,EXCLUSIVE-Impossible Foods names former Chobani executive as top boss,bynd
56,2022-03-17 14:33:39+00:00,EXCLUSIVE-Impossible Foods names former Chobani executive as top boss,bynd
57,2022-03-16 15:14:14+00:00,"U.S. RESEARCH ROUNDUP-Avalonbay Communities, Goodrx Holdings, Host Hotels & Resorts",bynd
58,2022-03-16 10:51:16+00:00,"BUZZ-Jefferies favors Oatly Group over Beyond Meat, cuts PTs",bynd
59,2022-03-16 04:07:50.526000+00:00,BEYOND MEAT INC <BYND.O>: JEFFERIES CUTS TARGET PRICE TO $44 FROM $55,bynd
60,2022-03-16 01:27:12+00:00,Beyond Meat Inc. - Comunicado ao Mercado,bynd
61,2022-03-16 00:20:06.311000+00:00,"BEYOND MEAT, INC. SEC Filings files Form -- 4",bynd
62,2022-03-16 00:20:05.614000+00:00,"BEYOND MEAT, INC. SEC Filings files Form -- 4",bynd
63,2022-03-16 00:11:49.081000+00:00,"BEYOND MEAT, INC. SEC Filings files Form -- 4",bynd
64,2022-03-16 00:11:46.907000+00:00,"BEYOND MEAT, INC. SEC Filings files Form -- 4",bynd
65,2022-03-11 15:11:15.271000+00:00,"The Kim Kardashian Effect: Celebrity Influencers Driving Plant Based Foods Megatrend as CEOs of OTLY, OGGFF, BYND, and TTCF Scale Growth with Disru...",bynd
66,2022-03-11 15:11:15.172000+00:00,"The Kim Kardashian Effect: Celebrity Influencers Driving Plant Based Foods Megatrend as CEOs of OTLY, OGGFF, BYND, and TTCF Scale Growth with Disru...",bynd
67,2022-03-11 15:11:14.262000+00:00,"The Kim Kardashian Effect: Celebrity Influencers Driving Plant Based Foods Megatrend as CEOs of OTLY, OGGFF, BYND, and TTCF Scale Growth with Disru...",bynd
68,2022-03-11 15:11:14.219000+00:00,"The Kim Kardashian Effect: Celebrity Influencers Driving Plant Based Foods Megatrend as CEOs of OTLY, OGGFF, BYND, and TTCF Scale Growth with Disru...",bynd
69,2022-03-11 14:48:06.087000+00:00,"The Kim Kardashian Effect: Celebrity Influencers Driving Plant-Based Foods Megatrend as CEOs of OTLY, OGGFF, BYND, and TTCF Scale Growth with Disruptive Innovation and Market Expansion",bynd
70,2022-03-11 00:44:05+00:00,Beyond Meat Inc. - Comunicado ao Mercado,bynd
71,2022-03-10 21:24:45.259000+00:00,"BEYOND MEAT, INC. SEC Filings files Form -- 4",bynd
72,2022-03-09 16:02:32+00:00,BUZZ-Oatly hits record low as 2022 targets disappoint,bynd
73,2022-03-09 13:21:44+00:00,BUZZ-Oatly jumps on Q4 revenue beat,bynd
74,2022-03-09 01:27:33+00:00,Peet's Coffee & Tea Inc. - Peet’s Coffee Launches Spring Seasonal Menu Dedicated to Plant-Based Ingredients,bynd
75,2022-03-08 16:57:09+00:00,PREVIEW-Oatly to emerge winner in 2022 plant-based peers' battle,bynd
76,2022-03-08 12:57:02.435000+00:00,PEET'S COFFEE LAUNCHES SPRING SEASONAL MENU DEDICATED TO PLANT-BASED INGREDIENTS`,bynd
77,2022-03-05 04:06:04+00:00,Beyond Meat Inc. - Comunicado ao Mercado,bynd
78,2022-03-04 22:19:34.839000+00:00,"BEYOND MEAT, INC. SEC Filings files Form -- 4",bynd
79,2022-03-04 22:19:29.460000+00:00,"BEYOND MEAT, INC. SEC Filings files Form -- 4",bynd
80,2022-03-04 22:19:29.389000+00:00,"BEYOND MEAT, INC. SEC Filings files Form -- 4",bynd
81,2022-03-04 22:19:29.027000+00:00,"BEYOND MEAT, INC. SEC Filings files Form -- 4",bynd
82,2022-03-04 19:43:00+00:00,BUZZ-Kroger-Impossible tie-up presents new threat to Beyond Meat - CS,bynd
83,2022-03-04 03:37:19+00:00,Beyond Meat Inc. - Comunicado ao Mercado,bynd
84,2022-03-03 23:36:08+00:00,Beyond Meat Inc. - Comunicado ao Mercado,bynd
85,2022-03-03 22:26:12.059000+00:00,"BEYOND MEAT, INC. SEC Filings files Form -- 4",bynd
86,2022-03-03 22:26:07.359000+00:00,"BEYOND MEAT, INC. SEC Filings files Form -- 4",bynd
87,2022-03-03 22:26:06.739000+00:00,"BEYOND MEAT, INC. SEC Filings files Form -- 4",bynd
88,2022-03-03 22:26:06.728000+00:00,"BEYOND MEAT, INC. SEC Filings files Form -- 4",bynd
89,2022-03-03 22:26:01.989000+00:00,"BEYOND MEAT, INC. SEC Filings files Form -- 4",bynd
90,2022-03-03 22:26:01.248000+00:00,"BEYOND MEAT, INC. SEC Filings files Form -- 4",bynd
91,2022-03-03 22:26:01.236000+00:00,"BEYOND MEAT, INC. SEC Filings files Form -- 4",bynd
92,2022-03-03 22:26:00.534000+00:00,"BEYOND MEAT, INC. SEC Filings files Form -- 4",bynd
93,2022-03-03 21:28:16.057000+00:00,"BEYOND MEAT, INC. -- S-8",bynd
94,2022-03-02 13:04:44+00:00,Beyond Meat Inc. - Comunicado ao Mercado,bynd
95,2022-03-02 12:45:44+00:00,Beyond Meat Inc. - Comunicado ao Mercado,bynd
96,2022-03-02 11:11:19.426000+00:00,"BEYOND MEAT, INC. Says It Will Miss 10-K Filing Deadline for Year Ending March 01, 2022 -- NT 10-K",bynd
97,2022-03-02 11:10:04.896000+00:00,"BEYOND MEAT, INC. Files 10-K for Fiscal Year Ending December 31, 2021 -- 10-K",bynd
98,2022-03-02 06:25:08+00:00,Beyond Meat Inc. - Comunicado ao Mercado,bynd
99,2022-03-02 02:15:36.642000+00:00,"BEYOND MEAT, INC. SEC Filings files Form -- 4",bynd
0,2022-04-19 17:07:04+00:00,BUZZ-GitLab rises on software licensing program contract win in California,gtlb
1,2022-04-19 16:33:58.684000+00:00,GITLAB SHARES UP 8.4% AFTER CO GRANTED SOFTWARE LICENSING PROGRAM CONTRACT WITH STATE OF CALIFORNIA,gtlb
2,2022-04-19 14:41:40.203000+00:00,Granted Software Licensing Program Contract With State of California,gtlb
3,2022-04-19 13:11:08+00:00,BRIEF-GitLab Granted Software Licensing Program Contract With State Of California,gtlb
4,2022-04-19 13:03:02.631000+00:00,GITLAB INC. GRANTED SOFTWARE LICENSING PROGRAM CONTRACT WITH STATE OF CALIFORNIA,gtlb
5,2022-04-19 13:00:00.500000+00:00,GitLab Inc. Granted Software Licensing Program Contract With State of California,gtlb
6,2022-04-18 03:06:28.031000+00:00,GITLAB INC <GTLB.O>: RBC RAISES TARGET PRICE TO $64 FROM $60,gtlb
7,2022-04-14 02:17:51.687000+00:00,United States : GitLab Welcomes Ashley Kramer as Chief Marketing And Strategy Officer,gtlb
8,2022-04-14 02:17:22.274000+00:00,United States : GitLab Welcomes Ashley Kramer as Chief Marketing And Strategy Officer,gtlb
9,2022-04-11 13:04:56.635000+00:00,Gitlab Inc. -- SC 13G/A,gtlb
10,2022-04-11 10:10:38.923000+00:00,Gitlab Inc. -- S-8,gtlb
11,2022-04-08 20:56:04.982000+00:00,"Gitlab Inc. Files 10-K for Fiscal Year Ending January 31, 2022 -- 10-K",gtlb
12,2022-04-08 14:06:51.229000+00:00,Gitlab Inc. -- SC 13G/A,gtlb
13,2022-04-05 17:37:18.487000+00:00,Gitlab Inc. -- SC 13G,gtlb
14,2022-04-05 15:23:56.602000+00:00,Gitlab Inc. -- SC 13G/A,gtlb
15,2022-04-04 23:42:05.757000+00:00,Welcomes Ashley Kramer as Chief Marketing And Strategy Officer,gtlb
16,2022-04-04 22:05:00.187000+00:00,GITLAB WELCOMES ASHLEY KRAMER AS CHIEF MARKETING AND STRATEGY OFFICER,gtlb
17,2022-04-04 22:05:00.086000+00:00,GitLab Welcomes Ashley Kramer as Chief Marketing And Strategy Officer,gtlb
18,2022-03-27 19:32:16.374000+00:00,GitLab announces resignation of David Hornik from board of directors,gtlb
19,2022-03-25 10:12:20.859000+00:00,Gitlab Inc. Files -- 8-K,gtlb
20,2022-03-25 10:09:58+00:00,"BRIEF-Gitlab Inc Says Board Decreased Size Of Board From Eight Members To Seven Members, Effective March 22",gtlb
21,2022-03-25 10:06:21.475000+00:00,"GITLAB INC - BOARD DECREASED SIZE OF BOARD FROM EIGHT MEMBERS TO SEVEN MEMBERS, EFFECTIVE MARCH 22",gtlb
22,2022-03-24 22:42:11.939000+00:00,Departure of David Hornik From Board Of Directors,gtlb
23,2022-03-24 22:10:00.171000+00:00,GITLAB ANNOUNCES DEPARTURE OF DAVID HORNIK FROM BOARD OF DIRECTORS,gtlb
24,2022-03-24 22:10:00.065000+00:00,GitLab Announces Departure of David Hornik From Board Of Directors,gtlb
25,2022-03-24 21:41:47.245000+00:00,Gitlab Inc. SEC Filings files Form -- 4,gtlb
26,2022-03-23 12:00:00.206000+00:00,Secure Code Warrior Launches Integration With GitLab to Help Developers Build and Release Secure Software Faster,gtlb
27,2022-03-22 14:30:15.677000+00:00,Kontra Joins GitLab Inc.'s Alliance Partner Program,gtlb
28,2022-03-15 19:49:45.943000+00:00,GitLab announces Q4 and full year fiscal 2022 financial results,gtlb
29,2022-03-15 13:48:05.310000+00:00,GITLAB INC SHARES UP 15.5% AFTER Q1 REV FORECAST ABOVE ESTIMATES,gtlb
30,2022-03-15 13:37:08.024000+00:00,GITLAB INC <GTLB.O>: UBS CUTS TARGET PRICE TO $54 FROM $60,gtlb
31,2022-03-15 11:56:57+00:00,"BUZZ-GitLab shares up on encouraging outlook, revenue beat",gtlb
32,2022-03-15 11:03:35.813000+00:00,GITLAB INC <GTLB.O>: TRUIST SECURITIES CUTS TARGET PRICE TO $105 FROM $175,gtlb
33,2022-03-15 10:08:03.116000+00:00,"GITLAB SHARES UP 8.9% PREMARKET AFTER CO SEES SMALLER THAN EXPECTED LOSS FOR 2023, POSTS REV BEAT",gtlb
34,2022-03-15 04:24:19.740000+00:00,GITLAB INC <GTLB.O>: COWEN AND COMPANY CUTS TARGET PRICE TO $85 FROM $90,gtlb
35,2022-03-15 04:11:42.647000+00:00,GITLAB INC <GTLB.O>: JP MORGAN CUTS TARGET PRICE TO $81 FROM $99,gtlb
36,2022-03-15 03:06:13.656000+00:00,GITLAB INC <GTLB.O>: PIPER SANDLER CUTS TARGET PRICE TO $75 FROM $100,gtlb
37,2022-03-14 22:14:53.368000+00:00,Gitlab Inc Reports Q4 Non-GAAP Loss Per Share $0.16,gtlb
38,2022-03-14 22:09:33+00:00,BRIEF-Gitlab Inc Reports Q4 Non-GAAP Loss Per Share $0.16,gtlb
39,2022-03-14 22:07:33+00:00,"RPT-GITLAB INC <GTLB.O> Q1 SHR VIEW $-0.30, REV VIEW $72.8 MLN -- REFINITIV IBES DATA",gtlb
40,2022-03-14 22:07:32+00:00,"RPT-GITLAB INC <GTLB.O> FY2023 SHR VIEW $-1.04, REV VIEW $336.6 MLN -- REFINITIV IBES DATA",gtlb
41,2022-03-14 22:07:31+00:00,RPT-GITLAB INC - SEES NON-GAAP NET LOSS PER SHARE IN FY2023 $1.02 - $0.97,gtlb
42,2022-03-14 22:07:31+00:00,RPT-GITLAB INC - SEES NON-GAAP NET LOSS PER SHARE IN Q1 FY2023 $0.28 - $0.27,gtlb
43,2022-03-14 22:07:30+00:00,RPT-GITLAB INC - SEES 2023 REVENUE $385.5 MLN - $390.5 MLN,gtlb
44,2022-03-14 22:07:30+00:00,RPT-GITLAB INC - SEES Q1 2023 REVENUE $77.0 MLN - $78.0 MLN,gtlb
45,2022-03-14 22:07:29+00:00,"RPT-GITLAB INC <GTLB.O> Q4 SHR VIEW $-0.25, REV VIEW $70.3 MLN -- REFINITIV IBES DATA",gtlb
46,2022-03-14 22:07:28+00:00,RPT-GITLAB INC <GTLB.O> Q4 REVENUE ROSE 69 PCT TO $77.8 MLN,gtlb
47,2022-03-14 22:07:28+00:00,RPT-GITLAB REPORTS FOURTH QUARTER AND FULL YEAR FISCAL 2022 FINANCIAL RESULTS,gtlb
48,2022-03-14 22:07:27+00:00,CORRECTED-GITLAB INC <GTLB.O> Q4 GAAP SHR LOSS $0.32 (NOT $1.95),gtlb
49,2022-03-14 22:07:26+00:00,CORRECTED-GITLAB INC <GTLB.O> Q4 NON-GAAP SHR LOSS $0.16 (NOT $1.20),gtlb
50,2022-03-14 21:42:11+00:00,GitLab Inc reports results for the quarter ended in January - Earnings Summary,gtlb
51,2022-03-14 21:42:11+00:00,GitLab Inc <GTLB.O>: Losses of 16  cents announced for fourth quarter,gtlb
52,2022-03-14 20:41:05+00:00,BUZZ-GitLab forecasts smaller loss for 2023 vs estimates; shares jump,gtlb
53,2022-03-14 20:30:00+00:00,Q4 2022 GitLab Inc Earnings Call,gtlb
54,2022-03-14 20:25:36.231000+00:00,Gitlab Inc. Files -- 8-K,gtlb
55,2022-03-14 20:16:38.200000+00:00,Gitlab Posts Q4 GAAP Loss Per Share $1.95,gtlb
56,2022-03-14 20:10:15+00:00,"GITLAB SHARES RISE 17.9% AFTER THE BELL FOLLOWING RESULTS, OUTLOOK",gtlb
57,2022-03-14 20:05:00.807000+00:00,GitLab Reports Fourth Quarter and Full Year Fiscal 2022 Financial Results,gtlb
58,2022-03-14 03:47:54.079000+00:00,GITLAB INC <GTLB.O>: RBC CUTS TARGET PRICE TO $60 FROM $90,gtlb
59,2022-03-12 00:19:05+00:00,GitLab Inc expected to post a loss of 25  cents a share - Earnings Preview,gtlb
60,2022-03-12 00:18:04+00:00,GitLab Inc <GTLB.O>: A loss of 25 cents per share anticipated for first quarter,gtlb
61,2022-03-10 14:52:29.658000+00:00,Gitlab Inc. -- SC 13G/A,gtlb
62,2022-03-09 22:12:13.357000+00:00,"ICONIQ Strategic Partners III, L.P. SEC Filings files Form -- 4",gtlb
63,2022-03-09 22:12:10.987000+00:00,Gitlab Inc. SEC Filings files Form -- 4,gtlb
64,2022-03-08 09:44:40.745000+00:00,GITLAB INC <GTLB.O>: COWEN AND COMPANY CUTS TARGET PRICE TO $90 FROM $130,gtlb
65,2022-03-08 09:44:22.453000+00:00,GITLAB INC <GTLB.O>: COWEN AND COMPANY CUTS TARGET PRICE TO $90 FROM $130,gtlb
66,2022-03-01 20:17:21.903000+00:00,Gitlab Inc. SEC Filings files Form -- 4,gtlb
67,2022-02-18 00:53:41.334000+00:00,United States : GitLab to Announce Fourth Quarter Fiscal 2022 Financial Results,gtlb
68,2022-02-18 00:53:05.182000+00:00,United States : GitLab to Announce Fourth Quarter Fiscal 2022 Financial Results,gtlb
69,2022-02-16 16:10:50.673000+00:00,"To Announce Fourth Quarter and Fiscal Year 2022 Financial Results On March 14, 2022",gtlb
70,2022-02-15 21:05:01.129000+00:00,"GitLab To Announce Fourth Quarter and Fiscal Year 2022 Financial Results On March 14, 2022",gtlb
71,2022-02-15 13:36:16.194000+00:00,"ALTIMETER CAPITAL MANAGEMENT LP REPORTS 7.28% PASSIVE STAKE IN GITLAB INC AS OF DECEMBER 31, 2021 - SEC FILING",gtlb
72,2022-02-15 13:35:56.852000+00:00,Gitlab Inc. -- SC 13G,gtlb
73,2022-02-14 23:34:12.635000+00:00,Gitlab Inc. -- SC 13G,gtlb
74,2022-02-14 21:38:57.050000+00:00,Gitlab Inc. -- SC 13G,gtlb
75,2022-02-14 21:38:52.276000+00:00,Gitlab Inc. -- SC 13G,gtlb
76,2022-02-14 19:57:51.820000+00:00,Gitlab Inc. -- SC 13G,gtlb
77,2022-02-14 18:09:00.786000+00:00,Gitlab Inc. -- SC 13G/A,gtlb
78,2022-02-14 15:39:13.378000+00:00,Gitlab Inc. -- SC 13G,gtlb
79,2022-02-14 13:55:40.255000+00:00,Gitlab Inc. -- SC 13G,gtlb
80,2022-02-14 11:21:19.949000+00:00,Gitlab Inc. -- SC 13G/A,gtlb
81,2022-02-11 21:49:26.573000+00:00,Gitlab Inc. -- SC 13G,gtlb
82,2022-02-11 17:04:56.212000+00:00,Gitlab Inc. -- SC 13G,gtlb
83,2022-02-10 13:26:46.854000+00:00,Gitlab Inc. -- SC 13G,gtlb
84,2022-02-09 14:31:30.422000+00:00,Gitlab Inc. -- SC 13G/A,gtlb
85,2022-02-09 12:59:33.230000+00:00,Gitlab Inc. -- SC 13G/A,gtlb
86,2022-02-04 08:18:02.027000+00:00,GITLAB INC <GTLB.O>: RBC RAISES TO OUTPERFORM FROM SECTOR PERFORM,gtlb
87,2022-02-03 19:42:49.739000+00:00,Gitlab Inc. -- SC 13G,gtlb
88,2022-01-27 22:20:08.243000+00:00,Gitlab Inc. -- SC 13G/A,gtlb
89,2022-01-27 05:50:06.802000+00:00,GITLAB INC <GTLB.O>: JP MORGAN RAISES TO OVERWEIGHT FROM NEUTRAL,gtlb
90,2022-01-26 14:28:06.563000+00:00,Gitlab Inc. -- SC 13G/A,gtlb
91,2022-01-21 16:45:08.593000+00:00,Gitlab Inc. -- SC 13G,gtlb
92,2022-01-06 17:58:56+00:00,"U.S. RESEARCH ROUNDUP-Akamai Technologies, Gitlab, RPM International",gtlb
93,2022-01-06 11:27:36.882000+00:00,GITLAB INC <GTLB.O>: BOFA GLOBAL RESEARCH CUTS PRICE OBJECTIVE TO $125 FROM $140,gtlb
94,2022-01-06 03:44:05.242000+00:00,GITLAB INC <GTLB.O>: PIPER SANDLER RAISES TO OVERWEIGHT FROM NEUTRAL,gtlb
95,2022-01-04 21:37:29.880000+00:00,Gitlab Inc. SEC Filings files Form -- 4,gtlb
96,2022-01-04 21:35:10.843000+00:00,Gitlab Inc. SEC Filings files Form -- 4,gtlb
97,2022-01-04 21:33:45.283000+00:00,Gitlab Inc. SEC Filings files Form -- 4,gtlb
98,2022-01-04 21:29:09.871000+00:00,Gitlab Inc. SEC Filings files Form -- 4,gtlb
99,2022-01-04 21:25:50.111000+00:00,Gitlab Inc. SEC Filings files Form -- 4,gtlb
0,2022-04-20 01:28:54.486000+00:00,Levi Strauss & Co. thúc đẩy tăng trưởng bền vững với chiến lược mở rộng đầy tham vọng,levi
1,2022-04-13 02:28:12.189000+00:00,"""ลีวาย สเตราส์ แอนด์ โค"" เร่งผลักดันการเติบโตอย่างยั่งยืนด้วยกลยุทธ์การขยายธุรกิจเชิงรุก",levi
2,2022-04-12 19:46:15.102000+00:00,Levi Strauss announces plans to accelerate sustainable growth with aggressive expansion strategy,levi
3,2022-04-12 16:36:20+00:00,BUZZ-Lululemon Athletica rises on U.S. launch of resale program,levi
4,2022-04-12 02:15:42.610000+00:00,Levi Strauss & Co. mempercepat pertumbuhan berkelanjutan dengan strategi ekspansi yang agresif,levi
5,2022-04-12 02:14:35.957000+00:00,リーバイスが積極的な拡大戦略で持続的成長を加速,levi
6,2022-04-11 19:50:20.740000+00:00,NYSE ORDER IMBALANCE <LEVI.N> 51739.0 SHARES ON SELL SIDE,levi
7,2022-04-11 19:41:36.807000+00:00,"Levi Strauss (LEVI) Speeds Up Strategic Plans, Expands Stores",levi
8,2022-04-11 07:43:43.553000+00:00,LEVI STRAUSS & CO <LEVI.N>: JP MORGAN CUTS TARGET PRICE TO $27 FROM $32,levi
9,2022-04-11 02:00:28.718000+00:00,Levi Strauss & Co. accelerates sustainable growth with aggressive expansion strategy,levi
10,2022-04-11 02:00:27.374000+00:00,李维斯公司通过积极扩张战略加快可持续增长,levi
11,2022-04-11 02:00:27.154000+00:00,李維斯公司通過積極擴張戰略加快可持續增長,levi
12,2022-04-11 02:00:26.495000+00:00,"Levi Strauss & Co., 적극적인 확장 전략으로 지속가능한 성장 가속화",levi
13,2022-04-11 02:00:26.285000+00:00,Levi Strauss & Co. accelerates sustainable growth with aggressive expansion strategy,levi
14,2022-04-08 19:50:06.635000+00:00,NYSE ORDER IMBALANCE <LEVI.N> 52441.0 SHARES ON SELL SIDE,levi
15,2022-04-08 16:45:22.723000+00:00,Levi's® X Deepika Padukone launch season 2 of their collaboration,levi
16,2022-04-08 03:13:43.730000+00:00,Levi Strauss decides to go it alone in Thailand,levi
17,2022-04-07 21:03:50.272000+00:00,Levi Strauss' (LEVI) Q1 Earnings and Revenues Beat Mark,levi
18,2022-04-07 19:49:09.127000+00:00,Levi Strauss registers 22% net revenue increase for Q1 2022,levi
19,2022-04-07 19:47:00.601000+00:00,Levi Strauss Q1 dulled by Covid surge in Europe,levi
20,2022-04-07 18:22:28+00:00,"BUZZ-U.S. STOCKS ON THE MOVE-Macy's, Conduent, Pfizer",levi
21,2022-04-07 17:28:07.025000+00:00,Refinitiv Newscasts - Trading at Noon: Jobless claims fall and bond yields rise on a hawkish Fed outlook,levi
22,2022-04-07 17:00:00+00:00,Levi Strauss & Co at JPMorgan Retail Round-Up (Virtual),levi
23,2022-04-07 16:43:48+00:00,"BUZZ-U.S. STOCKS ON THE MOVE-Netflix, Rite Aid, TotalEnergies SE",levi
24,2022-04-07 15:42:27.952000+00:00,"Refinitiv Newscasts - US Morning Call: Stocks ease up, bond yields down as markets digest Fed minutes",levi
25,2022-04-07 14:31:28+00:00,"BUZZ-Street View: Levi's denim story intact, for now",levi
26,2022-04-07 13:58:07+00:00,"BOURSE-Wall Street ouvre en baisse, le dossier ukrainien incite à la prudence",levi
27,2022-04-07 13:26:04+00:00,"BUZZ-U.S. STOCKS ON THE MOVE-CDK Global, Sprinklr, Biophytis",levi
28,2022-04-07 13:13:50+00:00,"US STOCKS-Wall St eyes muted open as Fed, Ukraine worries linger",levi
29,2022-04-07 11:55:20+00:00,"BUZZ-U.S. STOCKS ON THE MOVE-HP, JD.com, Levi Strauss",levi
30,2022-04-07 10:55:37+00:00,BUZZ-Levi Strauss gains after quarterly results top estimates,levi
31,2022-04-07 10:19:50.082000+00:00,LEVI STRAUSS & CO <LEVI.N>: UBS CUTS TARGET PRICE TO $34 FROM $37,levi
32,2022-04-07 10:16:30.527000+00:00,LEVI STRAUSS & CO SHARES UP 5.5% PREMARKET AFTER RESULTS BEAT,levi
33,2022-04-07 09:06:08.294000+00:00,Levi's® X Deepika Padukone launch Season 2 of their collaboration,levi
34,2022-04-07 05:11:31.592000+00:00,LEVI STRAUSS & CO <LEVI.N>: CITIGROUP CUTS PRICE TARGET TO $27 FROM $28,levi
35,2022-04-07 05:04:21+00:00,"Guten Morgen von Reuters am Donnerstag, den 7. April",levi
36,2022-04-07 03:01:17+00:00,BRIEF-リーバイ・ストラウス、第２・四半期にロシア商業用事業向け長期資産の減損を検討,levi
37,2022-04-06 22:40:41+00:00,"UPDATE 3-Levi Strauss results top estimates on strong demand, price hikes",levi
38,2022-04-06 22:18:58.832000+00:00,Levi Strauss & Co Exec Says Not Seeing Any Real Pushback On Pricing At All At This Point,levi
39,2022-04-06 22:09:18+00:00,BRIEF-Levi Strauss & Co Exec Says Not Seeing Any Real Pushback On Pricing At All At This Point,levi
40,2022-04-06 22:03:50.071000+00:00,"LEVI STRAUSS & CO EXEC SAYS SUPPLY CHAIN-RELATED ISSUES LIMITED FURTHER REVENUE OPPORTUNITY BY ABOUT $60 MLN OR 5%, PRIMARILY IN THE U.S. - CONF CALL",levi
41,2022-04-06 21:51:15.764000+00:00,"Earnings Previews: Cazoo, Conagra, Constellation Brands, Levi Strauss",levi
42,2022-04-06 21:47:41.026000+00:00,Levi Strauss & Co Qtrly Diluted EPS Was $0.48,levi
43,2022-04-06 21:47:30.203000+00:00,"Levi Strauss - In Q2, Will Review Long-Lived Assets Specific To Russia Commercial Business For Impairment",levi
44,2022-04-06 21:42:41.411000+00:00,LEVI STRAUSS & CO EXEC - THERE IS STILL OPPORTUNITY FOR MORE PRICING DOWN THE ROAD IN THE SECOND HALF OF THE YEAR BASED ON WHERE COSTS ARE GOING - CONF CALL,levi
45,2022-04-06 21:41:29.476000+00:00,LEVI STRAUSS & CO EXEC - NOT SEEING ANY REAL PUSHBACK ON PRICING AT ALL AT THIS POINT - CONF CALL,levi
46,2022-04-06 21:37:20+00:00,BRIEF-Levi Strauss & Co Qtrly Diluted EPS Was $0.48,levi
47,2022-04-06 21:36:50+00:00,"BRIEF-Levi Strauss - In Q2, Will Review Long-Lived Assets Specific To Russia Commercial Business For Impairment",levi
48,2022-04-06 21:35:22+00:00,"BUZZ-Strong demand, price hikes drive Levi Strauss' results beat",levi
49,2022-04-06 21:33:56.400000+00:00,"LEVI STRAUSS & CO - AS OF FEB 27, NET REVENUES OF CO'S UNIT IN RUSSIA WERE ABOUT 2% OF TOTAL NET REVENUES FOR THREE-MONTH PERIOD ENDED.",levi
50,2022-04-06 21:30:34.034000+00:00,"LEVI STRAUSS - AT Q1 END, ASSETS SPECIFIC TO RUSSIA BUSINESS INCLUDED $9 MLN OF GOODWILL, $4 MLN OF PROPERTY, PLANT & EQUIPMENT, $30 MLN OF ROU ASSETS",levi
51,2022-04-06 21:29:20.620000+00:00,"LEVI STRAUSS- AS OF FEB 27, NET ASSETS OF CO'S UNIT IN RUSSIA COMPRISED 1.0% OF TOTAL NET ASSETS",levi
52,2022-04-06 21:29:16.062000+00:00,"LEVI STRAUSS - IN Q2, WILL REVIEW LONG-LIVED ASSETS SPECIFIC TO RUSSIA COMMERCIAL BUSINESS FOR IMPAIRMENT",levi
53,2022-04-06 21:25:47.341000+00:00,LEVI STRAUSS & CO EXEC - SALES IN CHINA WAS DOWN MID-SINGLE DIGITS AS GROWTH IN E-COMMERCE WAS MORE THAN OFFSET BY DECLINES ACROSS OTHER CHANNELS DUE TO COVID-RELATED LOCKDOWN  - CONF CALL,levi
54,2022-04-06 21:17:35.860000+00:00,LEVI STRAUSS & CO EXEC SAYS CO SEES TRAFFIC IN MOST TOURIST-DEPENDENT LOCATIONS BEGINNING TO RECOVER - CONF CALL,levi
55,2022-04-06 21:00:00+00:00,Q1 2022 Levi Strauss & Co Earnings Call,levi
56,2022-04-06 20:41:47+00:00,FIRMEN-BLICK-Jeans-Konzern Levi steigert dank starker Nachfrage Gewinn und Umsatz,levi
57,2022-04-06 20:39:06+00:00,Levi Strauss & Co <LEVI.K>: Profits of 46  cents announced for first quarter,levi
58,2022-04-06 20:38:55+00:00,Levi Strauss & Co reports results for the quarter ended in February - Earnings Summary,levi
59,2022-04-06 20:20:44.180000+00:00,Levi Strauss: Fiscal Q1 Earnings Snapshot,levi
60,2022-04-06 20:10:17+00:00,"LEVI STRAUSS SHARES LOSE SOME GROUND IN VOLATILE AFTER THE BELL TRADING, LAST UP 2%",levi
61,2022-04-06 20:10:00.939000+00:00,LEVI STRAUSS & CO <LEVI.N> Q1 REVENUE ROSE 22 PCT TO $1.6 BLN,levi
62,2022-04-06 20:10:00.704000+00:00,LEVI STRAUSS & CO <LEVI.N> Q1 SHR $0.48,levi
63,2022-04-06 20:10:00.678000+00:00,LEVI STRAUSS & CO <LEVI.N> Q1 ADJUSTED SHR $0.46,levi
64,2022-04-06 20:10:00.336000+00:00,"LEVI STRAUSS & CO. REPORTS FIRST-QUARTER 2022 FINANCIAL RESULTS, EXCEEDING EXPECTATIONS",levi
65,2022-04-06 20:10:00.221000+00:00,"Levi Strauss & Co. Reports First-Quarter 2022 Financial Results, Exceeding Expectations",levi
66,2022-04-06 20:09:44.661000+00:00,"LEVI STRAUSS & CO Files 10-Q for Quarter Ending February 27, 2022 -- 10-Q",levi
67,2022-04-06 20:09:24.895000+00:00,LEVI STRAUSS & CO Files -- 8-K,levi
68,2022-04-06 20:09:02.409000+00:00,"LEVI STRAUSS & CO <LEVI.N> FY2022 SHR VIEW $1.54, REV VIEW $6.44 BLN -- REFINITIV IBES DATA",levi
69,2022-04-06 20:08:42.807000+00:00,LEVI STRAUSS & CO - GLOBAL DIGITAL NET REVENUES COMPRISED ABOUT 25% OF Q1 FISCAL 2022 NET REVENUES,levi
70,2022-04-06 20:08:26.764000+00:00,LEVI STRAUSS & CO - GLOBAL DIGITAL NET REVENUES GREW ABOUT 16% IN QTR COMPARED TO SAME PERIOD IN PRIOR YR,levi
71,2022-04-06 20:08:24.150000+00:00,"LEVI STRAUSS & CO - IN ASIA, QTRLY NET REVENUES INCREASED 11% ON A REPORTED BASIS AND 14% ON A CONSTANT-CURRENCY BASIS",levi
72,2022-04-06 20:07:58.317000+00:00,"LEVI STRAUSS & CO - IN EUROPE, QTRLY NET REVENUES GREW 13% ON A REPORTED BASIS AND 21% ON A CONSTANT-CURRENCY BASIS",levi
73,2022-04-06 20:07:57+00:00,"Levi Strauss tops revenue estimates on strong demand, price hikes",levi
74,2022-04-06 20:07:35.307000+00:00,"LEVI STRAUSS & CO - IN THE AMERICAS, QTRLY NET REVENUES GREW 26% ON A REPORTED BASIS",levi
75,2022-04-06 20:07:02.136000+00:00,"LEVI STRAUSS & CO <LEVI.N> Q1 SHR VIEW $0.42, REV VIEW $1.55 BLN -- REFINITIV IBES DATA",levi
76,2022-04-06 20:06:48+00:00,LEVI STRAUSS & CO SHARES RISE 5.0% AFTER THE BELL FOLLOWING RESULTS,levi
77,2022-04-06 20:06:45.462000+00:00,LEVI STRAUSS & CO - QTRLY NET REVENUES OF $1.6 BILLION INCREASED 22% ON A REPORTED BASIS,levi
78,2022-04-06 20:06:35.718000+00:00,LEVI STRAUSS & CO - COMPANY REAFFIRMS ANNUAL GUIDANCE,levi
79,2022-04-06 20:06:26.058000+00:00,LEVI STRAUSS & CO QTRLY DILUTED EPS WAS $0.48; ADJUSTED DILUTED EPS WAS $0.46,levi
80,2022-04-06 19:50:03.653000+00:00,NYSE ORDER IMBALANCE <LEVI.N> 61112.0 SHARES ON SELL SIDE,levi
81,2022-04-06 15:41:35.076000+00:00,"Refinitiv Newscasts - US Morning Call: Fed fears, Russia sanctions weigh on mood",levi
82,2022-04-06 14:38:14+00:00,"NRDC - New PFAS Scorecard for Popular Apparel Brands: Levi Strauss Earns an 'A+', Outdoor Brands Fail",levi
83,2022-04-06 12:57:49.850000+00:00,Refinitiv Newscasts - Levi earnings expected to focus on inflation concerns,levi
84,2022-04-06 00:39:50.978000+00:00,"Refinitiv Newscasts - U.S. Day Ahead: Russia sanctions, hawkish Fed keep markets on edge",levi
85,2022-04-05 18:30:34+00:00,"What to Watch in the Day Ahead - Wednesday, April 6",levi
86,2022-04-05 16:00:00.201000+00:00,Levi Strauss & Co. Announces Participation at the J.P. Morgan Eighth Annual Retail Round-up Conference,levi
87,2022-04-04 20:06:07.505000+00:00,LEVI STRAUSS & CO SEC Filings files Form -- 4,levi
88,2022-04-04 20:05:36+00:00,Levi Strauss & Co expected to post earnings of 42  cents a share - Earnings Preview,levi
89,2022-04-04 20:02:06+00:00,Levi Strauss & Co <LEVI.N>: Profits of 42 cents per share anticipated for first quarter,levi
90,2022-04-01 19:50:28.511000+00:00,NYSE ORDER IMBALANCE <LEVI.N> 62077.0 SHARES ON BUY SIDE,levi
91,2022-04-01 18:44:40+00:00,"What to Watch in the Week Ahead and on Monday, April 4",levi
92,2022-03-31 18:04:12+00:00,"BUZZ-U.S. apparel stocks under pressure from Omicron, Russia-Ukraine uncertainty",levi
93,2022-03-29 19:50:19.712000+00:00,NYSE ORDER IMBALANCE <LEVI.N> 56137.0 SHARES ON BUY SIDE,levi
94,2022-03-23 13:00:02.276000+00:00,Levi Strauss & Co. to Webcast First Quarter 2022 Earnings Conference Call,levi
95,2022-03-23 05:07:41+00:00,WDHLG-USA und Großbritannien kündigen Einigung im Stahlstreit an,levi
96,2022-03-23 00:58:56+00:00,USA und Großbritannien legen Handelsstreit bei,levi
97,2022-03-23 00:58:19+00:00,"UPDATE 6-New U.S.-U.K. trade deal cuts tariffs on British steel, American motorcycles, bourbon",levi
98,2022-03-22 21:44:47+00:00,USA und Großbritannien kündigen Einigung im Stahlstreit an,levi
99,2022-03-18 19:51:23.854000+00:00,NYSE ORDER IMBALANCE <LEVI.N> 136787.0 SHARES ON BUY SIDE,levi
0,2022-04-19 23:08:36.470000+00:00,McDonald's (MCD) Outpaces Stock Market Gains: What You Should Know,mcd
1,2022-04-19 19:50:13.438000+00:00,NYSE ORDER IMBALANCE <MCD.N> 121530.0 SHARES ON BUY SIDE,mcd
2,2022-04-19 16:45:56+00:00,"BUZZ-U.S. STOCKS ON THE MOVE-Roblox, Netflix, Intuit",mcd
3,2022-04-19 15:39:31+00:00,McDonald's Corporation - Comunicado ao Mercado,mcd
4,2022-04-19 14:26:13.806000+00:00,MCDONALDS CORP -- PX14A6G,mcd
5,2022-04-19 13:41:11.434000+00:00,"McHappy Day® is Back Wednesday, May 11 with an Iconic, New Peace Collective Merch Collection, in Support of Ronald McDonald House Charities®",mcd
6,2022-04-19 13:40:46.251000+00:00,"McHappy Day(R) is Back Wednesday, May 11 with an Iconic, New Peace Collective Merch Collection, in Support of Ronald McDonald House Charities(R)",mcd
7,2022-04-19 13:25:21+00:00,"BUZZ-U.S. STOCKS ON THE MOVE-Netgear, Hasbro, McDonald's, Checkmate Pharma",mcd
8,2022-04-19 12:27:39+00:00,BUZZ-Cowen sees McDonald's as best positioned QSR ahead of Q1 earnings,mcd
9,2022-04-19 10:29:00.069000+00:00,MCDONALD'S <MCD.N>: BTIG CUTS TARGET PRICE TO $280 FROM $295,mcd
10,2022-04-19 10:28:04.445000+00:00,Le Grand McDonMD est de retour le mercredi 11 mai avec une nouvelle collection d'articles promotionnels Peace Collective en soutien à l'Œuvre des M...,mcd
11,2022-04-19 01:31:29.262000+00:00,"Fact check: McDonald's ice cream does not contain xylitol, a substance toxic to dogs McDonald's ice cream doesn't contain xylitol but the sweetener can be toxic for dogs.",mcd
12,2022-04-18 16:17:43+00:00,McDonald's Corporation - Comunicado ao Mercado,mcd
13,2022-04-18 16:05:59.291000+00:00,Moody's assigns Ba2 rating to Arcos Dorados' proposed sustainability-linked notes,mcd
14,2022-04-18 16:05:59.276000+00:00,MOODY'S ASSIGNS BA2 RATING TO ARCOS DORADOS' PROPOSED SUSTAINABILITY-LINKED NOTES,mcd
15,2022-04-18 15:14:14.436000+00:00,MCDONALDS CORP -- PX14A6G,mcd
16,2022-04-18 13:16:42.528000+00:00,District police investigating death of woman found shot in Northeast,mcd
17,2022-04-18 10:27:40+00:00,BUZZ-Wendy's falls as BMO downgrades on inflation impact,mcd
18,2022-04-17 20:31:35.082000+00:00,District police investigating death of woman found shot in Northeast,mcd
19,2022-04-17 09:12:59.043000+00:00,Deutsche Lebensmittelbranche reagiert auf Mangel an Sonnenblumenöl,mcd
20,2022-04-14 19:50:00.742000+00:00,NYSE ORDER IMBALANCE <MCD.N> 52306.0 SHARES ON SELL SIDE,mcd
21,2022-04-14 14:55:00.069000+00:00,Suddath Honored as a McDonald’s Supplier Partner of the Year,mcd
22,2022-04-14 11:02:44.926000+00:00,NYC mayor announces arrest of Brooklyn shooting suspect Frank James: 'We got him',mcd
23,2022-04-13 19:34:33.214000+00:00,Refinitiv Newscasts - From CTV to DOOH: SpringServe’s Signore On The Synergy Of Signage,mcd
24,2022-04-13 15:20:17.156000+00:00,Kemarni Watson Darby murder: Toddler holds mother's hand in McDonald's hours before he's beaten to death,mcd
25,2022-04-13 07:50:44.225000+00:00,麦当劳全新三重芝士安格斯厚牛堡限时上市,mcd
26,2022-04-13 07:21:06.787000+00:00,CRIK: McDonald coaching path lit in playing days,mcd
27,2022-04-13 07:20:40.397000+00:00,McDonald coaching path lit in playing days,mcd
28,2022-04-13 06:32:42.458000+00:00,Cricket Australia appoints Andrew McDonald as new head coach,mcd
29,2022-04-13 04:16:10.653000+00:00,CRIK: New CA coach McDonald prioritises workload,mcd
30,2022-04-13 04:15:50.704000+00:00,New CA coach McDonald prioritises workload,mcd
31,2022-04-13 00:47:57.516000+00:00,"AAP Rolling News Bulletin Apr 13, 1100",mcd
32,2022-04-13 00:17:53.835000+00:00,"AAP Rolling News Bulletin Apr 13, 1030",mcd
33,2022-04-13 00:14:15.067000+00:00,CA announces McDonald as men's coach,mcd
34,2022-04-12 23:57:12.773000+00:00,CA announce McDonald as men's coach,mcd
35,2022-04-12 23:19:03.508000+00:00,McDonald's (MCD) Dips More Than Broader Markets: What You Should Know,mcd
36,2022-04-12 19:50:10.013000+00:00,NYSE ORDER IMBALANCE <MCD.N> 72577.0 SHARES ON SELL SIDE,mcd
37,2022-04-12 17:09:48.208000+00:00,"The Fed's Inflation Balancing Act; Analyst Upgrades and Downgrades on McDonald's, Mondelez, Skyworks and More",mcd
38,2022-04-12 05:24:29.039000+00:00,MCDONALD'S <MCD.N>: CITIGROUP RAISES PRICE TARGET TO $270 FROM $260,mcd
39,2022-04-11 05:00:00+00:00,"PREVIEW-Inflation, rising rates, war create uncertain outlook for U.S. earnings",mcd
40,2022-04-11 03:26:49.423000+00:00,麦当劳中国首家海滨餐厅暨第1200家LEED认证餐厅落地亚龙湾,mcd
41,2022-04-09 02:24:55+00:00,McDonald's Corporation - Comunicado ao Mercado,mcd
42,2022-04-08 21:37:32.142000+00:00,MCDONALDS CORP Files Proxy Statement Related to Contested Solicitation  -- DEFC14A,mcd
43,2022-04-08 21:36:04.767000+00:00,MCDONALDS CORP Files Amended Proxy Statement -- DEFA14A,mcd
44,2022-04-08 19:50:13.490000+00:00,NYSE ORDER IMBALANCE <MCD.N> 82212.0 SHARES ON SELL SIDE,mcd
45,2022-04-08 14:14:11.372000+00:00,"MCDONALD’S MALAYSIA PAYS RM500,000 BUSINESS TITHE TO PPZ-MAIWP",mcd
46,2022-04-07 20:24:05.469000+00:00,McDonald's investors will consider civil rights audit,mcd
47,2022-04-07 19:50:09.981000+00:00,NYSE ORDER IMBALANCE <MCD.N> 126974.0 SHARES ON BUY SIDE,mcd
48,2022-04-07 17:18:54.989000+00:00,Voices: I'm calling it: Italian McDonald's just hits different,mcd
49,2022-04-07 13:05:02+00:00,Москва готова удвоить гранты на открытие точек фастфуда после закрытия Макдоналдса,mcd
50,2022-04-07 02:39:19+00:00,BRIEF-マクドナルド・カナダ、配送車両に初めてＥＶを導入,mcd
51,2022-04-07 00:31:08.229000+00:00,McDonald's (MCD) Gains As Market Dips: What You Should Know,mcd
52,2022-04-06 23:09:44.366000+00:00,McDonald's brings back Spicy Chicken McNuggets to select restaurants for a limited time McDonald's McNuggets are available spicy for a limited time. More than half of McDonald's restaurants are now serving Spicy Chicken McNuggets.,mcd
53,2022-04-06 22:52:01.397000+00:00,McDonald's (MCD) Gains As Market Dips: What You Should Know,mcd
54,2022-04-06 16:56:42.571000+00:00,Officers cleared in fatal shooting,mcd
55,2022-04-06 16:53:10+00:00,BUZZ-Restaurant spending to gain share even as menu prices soar- brokerage,mcd
56,2022-04-06 15:54:11.880000+00:00,McDonald's du Canada accueille le tout premier véhicule électrique dans sa flotte de distribution,mcd
57,2022-04-06 15:54:09.720000+00:00,McDonald's du Canada accueille le tout premier véhicule électrique dans sa flotte de distribution,mcd
58,2022-04-06 15:49:27+00:00,BRIEF-Mcdonald's Canada Introduces First-Ever Electric Vehicle To Distribution Fleet,mcd
59,2022-04-06 15:48:10.107000+00:00,"MCDONALD'S CANADA - HAS PLANNED ANOTHER VOLVO VNR ELECTRIC CLASS 8 TRIAL IN BRAMPTON, ONT. LATER IN 2022",mcd
60,2022-04-06 15:47:39.090000+00:00,MCDONALD'S CANADA - WILL TRIAL NEW VOLVO VNR ELECTRIC CLASS 8 TRACTOR FOR DISTRIBUTION TO RESTAURANTS IN MONTRÉAL AREA,mcd
61,2022-04-06 15:47:04.796000+00:00,MCDONALD'S CANADA INTRODUCES FIRST-EVER ELECTRIC VEHICLE TO DISTRIBUTION FLEET,mcd
62,2022-04-06 15:46:50.700000+00:00,McDonald's Canada introduces first-ever electric vehicle to distribution fleet,mcd
63,2022-04-06 14:12:05.297000+00:00,"Acquisition of The Crossings in the Boston, MA Market",mcd
64,2022-04-06 13:55:50.129000+00:00,Officers cleared in fatal shooting at McDonald's drive-through,mcd
65,2022-04-06 13:36:57.753000+00:00,McDonald's (MCD) Gains As Market Dips: What You Should Know,mcd
66,2022-04-06 00:36:46.827000+00:00,Officers won't be charged in fatal shooting at McDonald's,mcd
67,2022-04-05 23:17:01.523000+00:00,McDonald's (MCD) Gains As Market Dips: What You Should Know,mcd
68,2022-04-05 22:01:46.595000+00:00,Officers cleared in fatal shooting at McDonald's drive-through,mcd
69,2022-04-05 17:36:37.989000+00:00,"McDonald's Szechuan Sauce is back. Here's how to get the McNuggets dipping sauce for free. Rick and Morty fans, McDonald's brought back its Szechuan Sauce for a limited time starting March 31 through its app.",mcd
70,2022-04-05 17:32:42.346000+00:00,Officers won't be charged in fatal shooting at McDonald's,mcd
71,2022-04-05 16:00:19+00:00,McDonald's Corporation - Comunicado ao Mercado,mcd
72,2022-04-05 15:38:17.308000+00:00,"McDonald's selling artisan bread? We've clearly reached Peak Sourdough! Unofficially known as the 'McPosh', the new Crispy McFillet comes in the kind of lovingly crafted bun usually found in farmers' markets or foodies'...",mcd
73,2022-04-05 15:07:16.723000+00:00,MCDONALDS CORP SEC Filings files Form -- 4,mcd
74,2022-04-05 12:15:11.390000+00:00,"Die Welt zerfällt Die Welt zerfällt Wenn auch der letzte McDonalds geschlossen ist, werden wir wissen, was Globalisierung war: Beginnt jetzt eine neue Zeit? Wenn auch der letzte McDonalds geschlossen ist, werden wir wissen, was Globalisierung war: Beginnt jetzt eine neue Zeit?",mcd
75,2022-04-05 03:28:48.290000+00:00,AP Top Extended Financial Headlines at 11:26 p.m. EDT,mcd
76,2022-04-05 02:14:46.520000+00:00,McDonald's workers reach settlement deal over harassment,mcd
77,2022-04-04 23:18:55.976000+00:00,McDonald's brings back Spicy Chicken McNuggets to select restaurants for a limited time McDonald's McNuggets are available spicy for a limited time. More than half of McDonald's restaurants are now serving Spicy Chicken McNuggets.,mcd
78,2022-04-04 22:37:52+00:00,McDonald's Corporation - Comunicado ao Mercado,mcd
79,2022-04-04 21:49:13.214000+00:00,AP Top Extended Financial Headlines at 5:47 p.m. EDT,mcd
80,2022-04-04 21:48:23.300000+00:00,McDonald's workers reach settlement deal over harassment,mcd
81,2022-04-04 21:15:15.219000+00:00,Deglobalisierung: Die Welt zerfällt,mcd
82,2022-04-04 21:15:15.058000+00:00,Deglobalisierung: Die Welt zerfällt,mcd
83,2022-04-04 20:30:33.830000+00:00,MCDONALDS CORP Files Preliminary Proxy Statement Related to Contested Solicitation -- PREC14A,mcd
84,2022-04-04 19:35:41+00:00,McDonald's Corporation - Comunicado ao Mercado,mcd
85,2022-04-04 19:05:37.805000+00:00,US STOCKS: Late Equity Roundup: Extending Session Highs,mcd
86,2022-04-04 18:25:41.474000+00:00,MCDONALDS CORP SEC Filings files Form -- 4,mcd
87,2022-04-04 18:25:39.087000+00:00,MCDONALDS CORP SEC Filings files Form -- 4,mcd
88,2022-04-04 18:09:02.582000+00:00,MCDONALDS CORP SEC Filings files Form -- 4,mcd
89,2022-04-04 15:12:12.012000+00:00,US STOCKS: Equity Roundup: Diamond Hands Extending Session Highs,mcd
90,2022-04-04 03:15:10.551000+00:00,"Die Welt zerfällt Die Welt zerfällt Wenn auch der letzte McDonalds geschlossen ist, werden wir wissen, was Globalisierung war: Beginnt jetzt eine neue Zeit? Wenn auch der letzte McDonalds geschlossen ist, werden wir wissen, was Globalisierung war: Beginnt jetzt eine neue Zeit?",mcd
91,2022-04-03 21:15:12.365000+00:00,Deglobalisierung: Die Welt zerfällt,mcd
92,2022-04-02 12:15:08.738000+00:00,Boris Palmer verliert gegen McDonald's Boris Palmer verliert gegen McDonald's Filiale der Kette hatte gegen die Tübinger Steuer auf Einwegverpackungen geklagt Filiale der Kette hatte gegen die Tübinger Steuer auf Einweg-Verpackungen geklagt,mcd
93,2022-04-01 19:50:01.147000+00:00,NYSE ORDER IMBALANCE <MCD.N> 138661.0 SHARES ON BUY SIDE,mcd
94,2022-04-01 12:15:10.422000+00:00,Boris Palmer verliert gegen McDonald's Boris Palmer verliert gegen McDonald's Filiale der Kette hatte gegen die Tübinger Steuer auf Einweg-Verpackungen geklagt Filiale der Kette hatte gegen die Tübinger Steuer auf Einwegverpackungen geklagt,mcd
95,2022-03-31 19:50:31.012000+00:00,NYSE ORDER IMBALANCE <MCD.N> 473298.0 SHARES ON SELL SIDE,mcd
96,2022-03-31 19:12:22.924000+00:00,"McDonald's Szechuan Sauce is back. Here's how to get the McNuggets dipping sauce for free. Rick and Morty fans, McDonald's brought back its Szechuan Sauce for a limited time starting March 31 through its app.",mcd
97,2022-03-31 18:07:31+00:00,"BUZZ-Starbucks, Domino's lead declines among U.S. restaurants in Jan-March quarter",mcd
98,2022-03-31 15:07:23.428000+00:00,"McDonald's selling artisan bread? We've clearly reached Peak Sourdough! Unofficially known as the 'McPosh', the new Crispy McFillet comes in the kind of lovingly crafted bun usually found in farmers' markets or foodies'...",mcd
99,2022-03-31 12:29:24.888000+00:00,Refinitiv Newscasts - Anna MacDonald explains how a team-based approach gives Amati an edge,mcd
0,2022-04-20 02:36:54.122000+00:00,PALANTIR TECHNOLOGIES INC <PLTR.N>: RBC RAISES TO SECTOR PERFORM FROM UNDERPERFORM; RAISES TARGET PRICE TO $12 FROM $9,pltr
1,2022-04-19 20:05:00.381000+00:00,Palantir Announces Date of First Quarter 2022 Earnings Release and Webcast,pltr
2,2022-04-19 19:50:09.133000+00:00,NYSE ORDER IMBALANCE <PLTR.N> 152780.0 SHARES ON SELL SIDE,pltr
3,2022-04-18 19:50:07.420000+00:00,NYSE ORDER IMBALANCE <PLTR.N> 827813.0 SHARES ON BUY SIDE,pltr
4,2022-04-15 17:18:38+00:00,BRIEF-Palantir Expands Longstanding CDC Partnership For Disease Monitoring And Response,pltr
5,2022-04-15 10:59:08.805000+00:00,PALANTIR EXPANDS LONGSTANDING CDC PARTNERSHIP FOR DISEASE MONITORING AND RESPONSE,pltr
6,2022-04-15 10:59:00.068000+00:00,Palantir Expands Longstanding CDC Partnership for Disease Monitoring and Response,pltr
7,2022-04-14 19:50:26.287000+00:00,NYSE ORDER IMBALANCE <PLTR.N> 797091.0 SHARES ON BUY SIDE,pltr
8,2022-04-14 11:12:44+00:00,BRIEF-Palantir To Unveil New Products In Apollo,pltr
9,2022-04-14 10:59:04.081000+00:00,PALANTIR TO UNVEIL NEW PRODUCTS IN APOLLO,pltr
10,2022-04-14 10:59:00.105000+00:00,Palantir to Unveil New Products in Apollo,pltr
11,2022-04-13 19:50:07.503000+00:00,NYSE ORDER IMBALANCE <PLTR.N> 1372446.0 SHARES ON SELL SIDE,pltr
12,2022-04-12 19:50:12.738000+00:00,NYSE ORDER IMBALANCE <PLTR.N> 299450.0 SHARES ON SELL SIDE,pltr
13,2022-04-11 11:32:06.590000+00:00,PALANTIR TECHNOLOGIES<PLTR.N>: MONNESS CRESPI HARDT INITIATES COVERAGE WITH BUY RATING AND TARGET PRICE $20,pltr
14,2022-04-08 19:50:25.370000+00:00,NYSE ORDER IMBALANCE <PLTR.N> 899800.0 SHARES ON SELL SIDE,pltr
15,2022-04-08 05:11:26.885000+00:00,Orascom Development Holding AG: publishes annual report and announces changes,pltr
16,2022-04-07 22:51:52.858000+00:00,Palantir Technologies Inc. (PLTR) Stock Sinks As Market Gains: What You Should Know,pltr
17,2022-04-07 19:50:04.747000+00:00,NYSE ORDER IMBALANCE <PLTR.N> 246435.0 SHARES ON SELL SIDE,pltr
18,2022-04-06 19:50:26.097000+00:00,NYSE ORDER IMBALANCE <PLTR.N> 76837.0 SHARES ON SELL SIDE,pltr
19,2022-04-06 01:58:59+00:00,Palantir Technologies Inc. - Comunicado ao Mercado,pltr
20,2022-04-05 22:45:41.048000+00:00,Palantir Technologies Inc. SEC Filings files Form -- 4,pltr
21,2022-04-05 22:31:54.692000+00:00,Palantir place son premier satellite en orbite,pltr
22,2022-04-05 19:50:17.345000+00:00,NYSE ORDER IMBALANCE <PLTR.N> 71598.0 SHARES ON SELL SIDE,pltr
23,2022-04-05 16:46:06.392000+00:00,Palantir place son premier satellite en orbite,pltr
24,2022-04-04 21:55:02+00:00,UPDATE 1-Investment firm files demand for arbitration against Morgan Stanley - WSJ,pltr
25,2022-04-02 02:55:52.987000+00:00,United States : Palantir Announces its Inaugural Federal Advisory Board,pltr
26,2022-04-02 02:55:23.934000+00:00,United States : Palantir Announces its Inaugural Federal Advisory Board,pltr
27,2022-04-01 23:38:09+00:00,Palantir Technologies Inc. - Comunicado ao Mercado,pltr
28,2022-04-01 21:10:31.565000+00:00,Palantir Technologies Says Co And Unit Entered Into Amendment No. 12 To Revolving Credit Agreement And Incremental Agreement,pltr
29,2022-04-01 20:59:29.569000+00:00,Palantir Technologies Inc. Files -- 8-K,pltr
30,2022-04-01 20:58:37+00:00,BRIEF-Palantir Technologies Says Co And Unit Entered Into Amendment No. 12 To Revolving Credit Agreement And Incremental Agreement,pltr
31,2022-04-01 20:58:07.438000+00:00,PALANTIR TECHNOLOGIES INC - AMENDMENT PROVIDES FOR TOTAL REVOLVING COMMITMENTS OF $500.0 MLN,pltr
32,2022-04-01 20:57:45.115000+00:00,"PALANTIR TECHNOLOGIES INC -  AMENDMENT PROVIDES FOR AN EXTENSION OF REVOLVING LOAN FACILITY MATURITY DATE, AN INCREASE OF $100.0 MLN",pltr
33,2022-04-01 20:56:53.402000+00:00,"PALANTIR TECHNOLOGIES - ON MARCH 31, CO AND UNIT ENTERED INTO AMENDMENT NO. 12 TO REVOLVING CREDIT AGREEMENT AND INCREMENTAL AGREEMENT",pltr
34,2022-04-01 19:50:05.864000+00:00,NYSE ORDER IMBALANCE <PLTR.N> 80462.0 SHARES ON SELL SIDE,pltr
35,2022-04-01 11:19:52+00:00,"BRIEF-Palantir Technologies Inc - Co, Carahsoft Technology Corp Announce A Partnership",pltr
36,2022-04-01 11:02:26.981000+00:00,"PALANTIR TECHNOLOGIES INC - CO, CARAHSOFT TECHNOLOGY CORP ANNOUNCE A PARTNERSHIP",pltr
37,2022-04-01 10:59:00.132000+00:00,Palantir Partners with Carahsoft to Broaden Reach in U.S. Government Market,pltr
38,2022-04-01 00:14:02.170000+00:00,Palantir Technologies Inc. (PLTR) Stock Moves -1.08%: What You Should Know,pltr
39,2022-03-31 19:50:34.744000+00:00,NYSE ORDER IMBALANCE <PLTR.N> 530812.0 SHARES ON SELL SIDE,pltr
40,2022-03-30 19:50:13.853000+00:00,NYSE ORDER IMBALANCE <PLTR.N> 618828.0 SHARES ON SELL SIDE,pltr
41,2022-03-30 11:17:17+00:00,BRIEF-Palantir Announces Its Inaugural Federal Advisory Board,pltr
42,2022-03-30 10:59:06.888000+00:00,PALANTIR TECHNOLOGIES INC - SENIOR NATIONAL SECURITY LEADERS TO ADVISE ITS US GOVERNMENT BUSINESS,pltr
43,2022-03-30 10:59:00.206000+00:00,PALANTIR ANNOUNCES ITS INAUGURAL FEDERAL ADVISORY BOARD,pltr
44,2022-03-30 10:59:00.113000+00:00,Palantir Announces its Inaugural Federal Advisory Board,pltr
45,2022-03-29 19:50:24.374000+00:00,NYSE ORDER IMBALANCE <PLTR.N> 255631.0 SHARES ON BUY SIDE,pltr
46,2022-03-28 19:50:13.506000+00:00,NYSE ORDER IMBALANCE <PLTR.N> 216228.0 SHARES ON SELL SIDE,pltr
47,2022-03-25 19:50:14.733000+00:00,NYSE ORDER IMBALANCE <PLTR.N> 96361.0 SHARES ON SELL SIDE,pltr
48,2022-03-25 08:00:07+00:00,REG - Official List - Official List Notice,pltr
49,2022-03-24 19:50:08.195000+00:00,NYSE ORDER IMBALANCE <PLTR.N> 235992.0 SHARES ON BUY SIDE,pltr
50,2022-03-23 19:50:10.993000+00:00,NYSE ORDER IMBALANCE <PLTR.N> 104207.0 SHARES ON BUY SIDE,pltr
51,2022-03-21 22:51:20.556000+00:00,Palantir Technologies Inc. (PLTR) Dips More Than Broader Markets: What You Should Know,pltr
52,2022-03-18 19:51:15.311000+00:00,NYSE ORDER IMBALANCE <PLTR.N> 2347772.0 SHARES ON BUY SIDE,pltr
53,2022-03-17 19:50:26.772000+00:00,NYSE ORDER IMBALANCE <PLTR.N> 619699.0 SHARES ON SELL SIDE,pltr
54,2022-03-16 19:50:34.820000+00:00,NYSE ORDER IMBALANCE <PLTR.N> 473814.0 SHARES ON SELL SIDE,pltr
55,2022-03-15 19:50:01.607000+00:00,NYSE ORDER IMBALANCE <PLTR.N> 501189.0 SHARES ON BUY SIDE,pltr
56,2022-03-14 19:50:28.353000+00:00,NYSE ORDER IMBALANCE <PLTR.N> 887696.0 SHARES ON BUY SIDE,pltr
57,2022-03-11 20:50:22.320000+00:00,NYSE ORDER IMBALANCE <PLTR.N> 261343.0 SHARES ON SELL SIDE,pltr
58,2022-03-10 20:50:05.769000+00:00,NYSE ORDER IMBALANCE <PLTR.N> 516750.0 SHARES ON SELL SIDE,pltr
59,2022-03-10 00:45:00+00:00,"Palantir Technologies Inc at Morgan Stanley Technology, Media, and Telecom Conference (Virtual)",pltr
60,2022-03-09 20:50:26.146000+00:00,NYSE ORDER IMBALANCE <PLTR.N> 237229.0 SHARES ON SELL SIDE,pltr
61,2022-03-09 16:03:14+00:00,"BUZZ-U.S. STOCKS ON THE MOVE-American Airlines, Oatly Group, Abbvie",pltr
62,2022-03-09 14:36:08.587000+00:00,REG - GraniteShares Fin. Granite 3X Long Nflx Granite3X Long Nflx£ Granite3X LngNetflix - Change in MRA,pltr
63,2022-03-09 14:18:45+00:00,"BUZZ-U.S. STOCKS ON THE MOVE-YEXT Inc, Stitch Fix, Match Group",pltr
64,2022-03-09 14:03:25.639000+00:00,"Wednesday's Top Analyst Upgrades and Downgrades: Advanced Micro Devices, Bluebird Bio, Dollar Tree, Diamondback Energy, Fastenal, Kohl's, Netflix, ...",pltr
65,2022-03-09 12:15:16+00:00,"BUZZ-U.S. STOCKS ON THE MOVE-Bumble, Apple, Gannett",pltr
66,2022-03-09 11:39:43.278000+00:00,PALANTIR TECHNOLOGIES SHARES UP 3.5% PREMARKET AFTER PIPER SANDLER STARTS COVERAGE WITH OVERWEIGHT,pltr
67,2022-03-09 10:27:39+00:00,BUZZ-Palantir up as Piper starts coverage with 'overweight' on growth prospects,pltr
68,2022-03-09 08:35:35.841000+00:00,PALANTIR TECHNOLOGIES INC <PLTR.N>: PIPER SANDLER INITIATES WITH OVERWEIGHT RATING AND $15 TARGET PRICE,pltr
69,2022-03-08 21:05:00.471000+00:00,"Palantir to Present at the 2022 Morgan Stanley Technology, Media & Telecom Conference",pltr
70,2022-03-08 20:50:25.870000+00:00,NYSE ORDER IMBALANCE <PLTR.N> 352487.0 SHARES ON BUY SIDE,pltr
71,2022-03-07 20:50:16.710000+00:00,NYSE ORDER IMBALANCE <PLTR.N> 544339.0 SHARES ON SELL SIDE,pltr
72,2022-03-05 08:09:38.474000+00:00,(EN) PALANTIR TECHNOLOGIES INC. 144 (66256809),pltr
73,2022-03-05 08:09:31.813000+00:00,(EN) PALANTIR TECHNOLOGIES INC. 144 (66256807),pltr
74,2022-03-05 08:09:31.531000+00:00,(EN) PALANTIR TECHNOLOGIES INC. 144 (66256808),pltr
75,2022-03-05 08:09:20.195000+00:00,(EN) PALANTIR TECHNOLOGIES INC. 144 (66256806),pltr
76,2022-03-04 20:50:24.285000+00:00,NYSE ORDER IMBALANCE <PLTR.N> 398271.0 SHARES ON SELL SIDE,pltr
77,2022-03-04 07:18:31.241000+00:00,(EN) PALANTIR TECHNOLOGIES INC. 144 (66231054),pltr
78,2022-03-04 04:01:32+00:00,Palantir Technologies Inc. - Comunicado ao Mercado,pltr
79,2022-03-03 22:42:38.236000+00:00,Palantir Technologies Inc. SEC Filings files Form -- 4,pltr
80,2022-03-03 19:46:14.413000+00:00,Jacobs and Palantir announce global strategic collaboration,pltr
81,2022-03-02 20:50:29.268000+00:00,NYSE ORDER IMBALANCE <PLTR.N> 188591.0 SHARES ON SELL SIDE,pltr
82,2022-03-02 13:49:41+00:00,BRIEF-Jacobs And Palantir Launch Global Strategic Partnership For Data Solutions,pltr
83,2022-03-02 12:45:14.625000+00:00,JACOBS AND PALANTIR LAUNCH GLOBAL STRATEGIC PARTNERSHIP FOR DATA SOLUTIONS,pltr
84,2022-03-02 12:45:04.348000+00:00,Jacobs and Palantir Launch Global Strategic Partnership for Data Solutions,pltr
85,2022-03-02 05:01:56.560000+00:00,Palantir technology to help cut NHS elective care backlog,pltr
86,2022-03-01 20:50:44.450000+00:00,NYSE ORDER IMBALANCE <PLTR.N> 358151.0 SHARES ON SELL SIDE,pltr
87,2022-03-01 08:00:01+00:00,REG - Official List - Official List Notice,pltr
88,2022-02-28 20:50:37.604000+00:00,NYSE ORDER IMBALANCE <PLTR.N> 208500.0 SHARES ON BUY SIDE,pltr
89,2022-02-28 20:25:09.909000+00:00,(EN) PALANTIR TECHNOLOGIES INC. 144 (66137110),pltr
90,2022-02-28 09:54:36.324000+00:00,(EN) PALANTIR TECHNOLOGIES INC. ESG Web-based Reporting (66133107),pltr
91,2022-02-25 20:50:07.015000+00:00,NYSE ORDER IMBALANCE <PLTR.N> 921984.0 SHARES ON BUY SIDE,pltr
92,2022-02-25 15:09:27.104000+00:00,(EN) PALANTIR TECHNOLOGIES INC. 144 (65648880),pltr
93,2022-02-25 14:55:55+00:00,Palantir Technologies Inc. - Comunicado ao Mercado,pltr
94,2022-02-25 01:24:33.730000+00:00,Palantir Technologies Inc. SEC Filings files Form -- 4,pltr
95,2022-02-25 01:24:32.144000+00:00,Palantir Technologies Inc. SEC Filings files Form -- 4,pltr
96,2022-02-25 01:16:19.854000+00:00,Palantir Technologies Inc. SEC Filings files Form -- 4,pltr
97,2022-02-24 20:50:17.522000+00:00,NYSE ORDER IMBALANCE <PLTR.N> 167267.0 SHARES ON BUY SIDE,pltr
98,2022-02-24 13:45:16+00:00,Palantir Technologies Inc. - Comunicado ao Mercado,pltr
99,2022-02-24 13:42:24+00:00,Palantir Technologies Inc. - Comunicado ao Mercado,pltr
0,2022-04-20 08:46:48.383000+00:00,Musk könnte 15 Mrd. Dollar eigenes Geld in Twitter-Kauf investieren,tsla
1,2022-04-20 08:36:49+00:00,Shanghai hofft auf Wende im Kampf gegen Corona-Pandemie,tsla
2,2022-04-20 08:28:14.422000+00:00,AP Top Extended Financial Headlines at 4:27 a.m. EDT,tsla
3,2022-04-20 08:09:26.060000+00:00,REG - Official List - Official List Notice,tsla
4,2022-04-20 08:09:22.133000+00:00,REG - Stock Exch Notice - Admission to Trading - 20/04/2022,tsla
5,2022-04-20 08:00:12+00:00,RPT-Coronavirus-Baisse des cas à Shanghaï en dehors des zones de quarantaine,tsla
6,2022-04-20 07:53:16+00:00,HINTERGRUND-Statt Erdgas aus Russland  - Das Rennen um LNG,tsla
7,2022-04-20 07:33:04+00:00,UPDATE 3-Musk tweets cryptic phrase days after Twitter takeover offer,tsla
8,2022-04-20 07:32:46.481000+00:00,Coronavirus: Shanghai assouplit à tâtons certaines restrictions,tsla
9,2022-04-20 07:30:51+00:00,MORNING BID-More of the same,tsla
10,2022-04-20 07:09:53+00:00,UPDATE 1-Shanghai hopes COVID tide turning as cases dwindle outside quarantined areas,tsla
11,2022-04-20 06:38:30+00:00,MORNING BID-More of the same,tsla
12,2022-04-20 06:27:54.659000+00:00,BUNDS: Underpinned on the cash open,tsla
13,2022-04-20 05:45:39+00:00,Hopes rise in Shanghai's battle against COVID as two districts report no new cases,tsla
14,2022-04-20 05:38:16+00:00,UPDATE 6-Taiwan firms in China hub make uneven restart from COVID curbs,tsla
15,2022-04-20 05:04:34+00:00,"Guten Morgen von Reuters am Mittwoch, den 20. April",tsla
16,2022-04-20 04:42:11.808000+00:00,AP Top Extended Financial Headlines at 12:40 a.m. EDT,tsla
17,2022-04-20 04:27:56+00:00,WDHLG-Blatt - Musk will bis zu 15 Mrd Dollar eigenes Geld in Twitter-Kauf investieren,tsla
18,2022-04-20 03:22:08+00:00,《疫情簡訊》哈爾濱六個主城區實行社會靜態化管理；上海新增陽性連三降至近兩周低點,tsla
19,2022-04-20 03:22:08+00:00,《疫情简讯》哈尔滨六个主城区实行社会静态化管理；上海新增阳性连三降至近两周低点,tsla
20,2022-04-20 03:18:34.702000+00:00,《Ａ股焦点》特斯拉复工无提振，宁德时代泻６．５％市值失万亿,tsla
21,2022-04-20 03:18:19.706000+00:00,《Ａ股焦點》特斯拉復工無提振，寧德時代瀉６﹒５％市值失萬億,tsla
22,2022-04-20 02:36:44+00:00,BRIEF-マスク氏、ツイッター非公開化のために１００億－１５０億ドルの自己資金を投入する意向＝ＮＹポスト紙,tsla
23,2022-04-20 02:24:44.124000+00:00,《日出而作》联储官员就大幅加息意见分歧，美股三大指数强劲反弹,tsla
24,2022-04-20 02:23:59.452000+00:00,《日出而作》聯儲官員就大幅加息意見分歧，美股三大指數強勁反彈,tsla
25,2022-04-20 02:10:06.912000+00:00,Tesla production in Shanghai resumes,tsla
26,2022-04-20 02:05:04.110000+00:00,AP Top Extended Financial Headlines at 10:03 p.m. EDT,tsla
27,2022-04-20 02:00:59.768000+00:00,單日出院人數 多於新增病例 滬疫情現曙光 特斯拉八千人復工,tsla
28,2022-04-20 01:45:17.781000+00:00,【新冠肺炎】特斯拉上海超級工廠已有８０００名員工陸續返廠,tsla
29,2022-04-20 01:44:27.864000+00:00,【新冠肺炎】特斯拉上海超级工厂已有８０００名员工陆续返厂,tsla
30,2022-04-20 01:00:00+00:00,"Australian scientists to power Tesla on 15,000-km trip with printed solar panels",tsla
31,2022-04-20 00:13:12+00:00,"UPDATE 5-Johnny Depp calls Amber Heard accusations 'heinous,' says he never struck ex-wife",tsla
32,2022-04-19 23:56:13.301000+00:00,Refinitiv Newscasts - Stocks end higher on earnings optimism,tsla
33,2022-04-19 23:44:32.451000+00:00,"Charging Into Q1, Tesla Looks To Continue Historic Rise",tsla
34,2022-04-19 21:23:51.845000+00:00,Shareholders await Musk's next move in Twitter takeover bid,tsla
35,2022-04-19 20:59:59.049000+00:00,Refinitiv Newscasts - U.S. Day Ahead: Wall Street buoyant on earnings optimism,tsla
36,2022-04-19 20:45:05.432000+00:00,Tesla's Shanghai factory resumes production,tsla
37,2022-04-19 18:54:51+00:00,MERCADOS GLOBAIS-Wall St sobe com esperanças em torno de balanços; petróleo cai por temor sobre crescimento,tsla
38,2022-04-19 18:35:55+00:00,Volkswagen se concentra em plano para reduzir vulnerabilidade da cadeia de suprimentos,tsla
39,2022-04-19 18:32:22+00:00,"What to Watch in the Day Ahead - Wednesday, April 20",tsla
40,2022-04-19 18:14:07.148000+00:00,MuskMelon Token Debuts with Massive 6000% Returns to Investors,tsla
41,2022-04-19 18:08:20.291000+00:00,Shanghai lockdown: China takes steps to shore up supply chains by putting Tesla and SMIC on 'white list',tsla
42,2022-04-19 18:08:10.880000+00:00,"Tesla, SAIC and other Shanghai manufacturers get off to a slow start in resuming work, as shortages of staff and parts leave factories sitting idle",tsla
43,2022-04-19 18:00:25+00:00,Blatt - Musk will bis zu 15 Mrd Dollar eigenes Geld in Twitter-Kauf investieren,tsla
44,2022-04-19 17:58:03.150000+00:00,Refinitiv Newscasts - Explainer: How will Twitter's board handle Elon Musk?,tsla
45,2022-04-19 17:53:59.373000+00:00,Refinitiv Newscasts - Explainer: How will Twitter's board handle Elon Musk?,tsla
46,2022-04-19 17:35:34.463000+00:00,AVANCE: Fábrica de Tesla en Shanghai reanuda producción,tsla
47,2022-04-19 17:26:41+00:00,ANALYSIS-Musk's tweets fuel mining industry's hopes of a buyout by Tesla,tsla
48,2022-04-19 17:25:35.300000+00:00,2nd LD-Writethru: Tesla's Shanghai factory resumes production,tsla
49,2022-04-19 17:22:36+00:00,Elon Musk to invest up to $15 bln of his own money to buy Twitter -NYPost,tsla
50,2022-04-19 17:03:29.479000+00:00,Musk Willing To Invest Between $10 Bln And $15 Bln Of His Own Cash To Take Twitter Private - NY Post,tsla
51,2022-04-19 17:03:08.536000+00:00,"MUSK HAS TAPPED MORGAN STANLEY TO RAISE ANOTHER $10 BLN IN DEBT AGAINST TWITTER IN MANNER OF A TRADITIONAL LEVERAGED BUYOUT - NY POST, CITING SOURCES",tsla
52,2022-04-19 16:52:57+00:00,BRIEF-Musk Willing To Invest Between $10 Bln And $15 Bln Of His Own Cash To Take Twitter Private - NY Post,tsla
53,2022-04-19 16:49:42.780000+00:00,"MUSK IS PLANNING TO LAUNCH TENDER OFFER FOR TWITTER IN 10 DAYS OR SO- NEW YORK POST, CITING SOURCES",tsla
54,2022-04-19 16:49:14.917000+00:00,"MUSK HIMSELF IS WILLING TO INVEST BETWEEN $10 BLN AND $15 BLN OF HIS OWN CASH TO TAKE TWITTER PRIVATE - NEW YORK POST, CITING TWO SOURCES",tsla
55,2022-04-19 16:45:56+00:00,"BUZZ-U.S. STOCKS ON THE MOVE-Roblox, Netflix, Intuit",tsla
56,2022-04-19 16:32:48.671000+00:00,B-brief-20,tsla
57,2022-04-19 16:22:05.587000+00:00,Tesla Set to Beat Estimates in Q1 Earnings: ETFs to Buy,tsla
58,2022-04-19 16:18:41+00:00,Volkswagen focuses on regions to reduce supply chain vulnerability,tsla
59,2022-04-19 16:02:00+00:00,PREVIEW-Tesla earnings may come under pressure from Shanghai factory halt,tsla
60,2022-04-19 15:46:48.300000+00:00,特斯拉上海超级工厂复工 将逐步恢复全球出口,tsla
61,2022-04-19 15:40:20+00:00,ANALYSIS-Twitter exploring a sale would make free speech an afterthought,tsla
62,2022-04-19 15:29:51+00:00,"Jack Dorsey, uno de los fundadores de Twitter, carga contra el directorio en una serie de tuits",tsla
63,2022-04-19 15:24:52.600000+00:00,1st LD: Tesla's Shanghai factory resumes production,tsla
64,2022-04-19 15:04:35+00:00,Tesla & Co nehmen Produktion in Shanghai wieder auf,tsla
65,2022-04-19 14:55:42+00:00,Custos crescentes com baterias não diminuem vendas de veículos elétricos,tsla
66,2022-04-19 14:44:40+00:00,Tesla moves to pause California agency's race bias lawsuit,tsla
67,2022-04-19 14:26:26+00:00,Twitter co-founder Dorsey takes aim at board in series of tweets,tsla
68,2022-04-19 13:35:55.216000+00:00,AP Top Extended Financial Headlines at 9:34 a.m. EDT,tsla
69,2022-04-19 13:27:07.953000+00:00,"Full Year 2021 Financial Results with $550,000 in Revenue",tsla
70,2022-04-19 13:25:21+00:00,"BUZZ-U.S. STOCKS ON THE MOVE-Netgear, Hasbro, McDonald's, Checkmate Pharma",tsla
71,2022-04-19 13:20:17+00:00,ACTUALIZA 1-Tesla reanuda producción en su planta en Shanghái: Xinhua,tsla
72,2022-04-19 12:53:15+00:00,"UPDATE 1-Tesla resumes production at Shanghai factory, Xinhua reports",tsla
73,2022-04-19 12:36:12+00:00,BUZZ-Tesla inches up after reports say Shanghai plant resumes production,tsla
74,2022-04-19 12:28:14.972000+00:00,AP Top Extended Financial Headlines at 8:27 a.m. EDT,tsla
75,2022-04-19 12:24:15+00:00,Planta de Tesla en Shanghái reanuda la producción: medios,tsla
76,2022-04-19 12:17:13+00:00,"BUZZ-U.S. STOCKS ON THE MOVE-Bark, System1, Netgear, Checkmate Pharma",tsla
77,2022-04-19 12:06:51.343000+00:00,AP Top Extended Financial Headlines at 8:04 a.m. EDT,tsla
78,2022-04-19 11:55:52+00:00,Tesla's Shanghai factory resumes production - Chinese local media,tsla
79,2022-04-19 11:47:53+00:00,El jefe de comercio de China se reúne con cámaras extranjeras por interrupciones debido al COVID,tsla
80,2022-04-19 11:45:58.231000+00:00,TESLA'S SHANGHAI FACTORY RESUMES PRODUCTION ON APRIL 19 - CHINESE LOCAL MEDIA,tsla
81,2022-04-19 11:45:53.670000+00:00,Fábrica de Tesla en Shanghai reanuda producción,tsla
82,2022-04-19 11:37:51.728000+00:00,Tesla's Shanghai factory resumes production,tsla
83,2022-04-19 11:00:00+00:00,PREVIEW-Tesla earnings under pressure from Shanghai factory halt,tsla
84,2022-04-19 11:00:00+00:00,RPT-ANALYSIS-Soaring battery costs fail to cool electric vehicle sales,tsla
85,2022-04-19 10:53:05+00:00,China's commerce chief meets foreign chambers over COVID disruptions,tsla
86,2022-04-19 10:04:39+00:00,BUZZ-Twitter slips even as new bidders circle,tsla
87,2022-04-19 09:42:27+00:00,《疫情簡訊》河北唐山6時起全市臨時封控；上海今日起連續三天開展封控區核酸篩查,tsla
88,2022-04-19 09:42:27+00:00,《疫情简讯》河北唐山6时起全市临时封控；上海今日起连续三天开展封控区核酸筛查,tsla
89,2022-04-19 08:15:14+00:00,"BUZZ-All eyes on margins for Tesla in Q1, says Credit Suisse; lifts PT",tsla
90,2022-04-19 07:57:17+00:00,MORNING BID-Mantenere il realismo,tsla
91,2022-04-19 07:39:32+00:00,"US STOCKS-Уолл-стрит снизилась к закрытию, инвесторы ждут квартальной отчетности гигантов",tsla
92,2022-04-19 07:10:19+00:00,MORNING BID-Keeping it real,tsla
93,2022-04-19 07:00:16.119000+00:00,REG - Official List - Official List Notice,tsla
94,2022-04-19 07:00:14.557000+00:00,REG - Stock Exch Notice - Admission to Trading - 19/04/2022,tsla
95,2022-04-19 05:00:00+00:00,ANALYSIS-Soaring battery costs fail to cool electric vehicle sales,tsla
96,2022-04-19 04:50:20+00:00,PRESS DIGEST - Wall Street Journal - April 19,tsla
97,2022-04-19 04:13:25+00:00,"WDHLG-Musk-Breitseite gegen Twitter-Vorstand - ""Werde Gehalt auf Null Dollar setzen""",tsla
98,2022-04-19 03:46:33.648000+00:00,"TESLA INC <TSLA.O>: CREDIT SUISSE RAISES TARGET PRICE TO $1,125 FROM $1,025",tsla
99,2022-04-19 03:00:06.114000+00:00,《Ａ股焦點》特斯拉等車企的上海工廠擬陸續復工，比亞迪Ａ漲４％,tsla
0,2022-04-20 08:25:56.930000+00:00,REG - AVEVA Group PLC - Directorate Change,xom
1,2022-04-20 08:17:29+00:00,Exxon's US$4trn CCS market,xom
2,2022-04-20 05:38:30.835000+00:00,Supply Of Aar Approved/rdso Approved Grease For Cartridge Taper Roller Bearings </br> Aar Approved/rdso Approved Grease For Cartridge Taper Rol...,xom
3,2022-04-19 23:11:31+00:00,Exxon sees carbon capture market at $4 trillion by 2050,xom
4,2022-04-19 22:51:55.198000+00:00,Exxon Mobil (XOM) Stock Sinks As Market Gains: What You Should Know,xom
5,2022-04-19 22:01:10+00:00,Exxon Mobil Corporation - Comunicado ao Mercado,xom
6,2022-04-19 20:41:59.592000+00:00,EXXON MOBIL CORP Files Amended Proxy Statement -- DEFA14A,xom
7,2022-04-19 19:50:15.350000+00:00,NYSE ORDER IMBALANCE <XOM.N> 324865.0 SHARES ON BUY SIDE,xom
8,2022-04-19 16:37:48+00:00,Cross Timbers Royalty Trust - 2021 Annual Report,xom
9,2022-04-19 14:11:23.224000+00:00,Declares No April Cash Distribution,xom
10,2022-04-19 14:01:21.244000+00:00,小摩：若歐盟禁運俄油 布油或飙至185美元/桶,xom
11,2022-04-19 14:01:21.176000+00:00,小摩：若欧盟禁运俄油 布油或飙至185美元/桶,xom
12,2022-04-19 13:31:45+00:00,BUZZ-Oil companies fall as demand concerns weigh on crude prices,xom
13,2022-04-19 07:22:38.826000+00:00,(EN) IMPERIAL OIL LIMITED ESG Web-based Reporting (67297737),xom
14,2022-04-19 01:22:25.965000+00:00,80010349-servosyn Gear 460 Rr Gear Oil Of Ioc Or Mobil Shc 634 Of Exxon Mobil Of Wag9/wap7 Locos. Make/brand: Servo Syngear 460 Rr.,xom
15,2022-04-18 19:50:22.728000+00:00,NYSE ORDER IMBALANCE <XOM.N> 128219.0 SHARES ON BUY SIDE,xom
16,2022-04-18 14:45:46+00:00,"BUZZ-Oil cos up as Libya outages add to Russia supply fear, lifting crude",xom
17,2022-04-18 12:41:02.393000+00:00,To Hold 2022 First Quarter Earnings Call,xom
18,2022-04-18 12:19:19.863000+00:00,IMPERIAL OIL LTD Files -- 8-K,xom
19,2022-04-18 12:03:25.943000+00:00,(EN) Imperial Oil Limited News release - English (67289473),xom
20,2022-04-18 11:55:00.332000+00:00,Imperial to hold 2022 First Quarter Earnings Call,xom
21,2022-04-18 11:19:50.697000+00:00,EXXONMOBIL <XOM.N>: BMO RAISES TARGET PRICE TO $100 FROM $86,xom
22,2022-04-18 02:50:06+00:00,6月裝船的卡塔爾原油現貨升水從紀錄水平急劇下滑--消息人士,xom
23,2022-04-18 02:50:06+00:00,6月装船的卡塔尔原油现货升水从纪录水平急剧下滑--消息人士,xom
24,2022-04-18 02:09:29+00:00,UPDATE 1-Spot premiums for June-loading Qatari crude slump from record levels - sources,xom
25,2022-04-15 19:33:25.975000+00:00,(EN) IMPERIAL OIL LIMITED ESG-Env Pol (67270986),xom
26,2022-04-15 19:33:20.153000+00:00,(EN) IMPERIAL OIL LIMITED ESG-Env Pol (67271010),xom
27,2022-04-15 19:04:45.332000+00:00,(EN) IMPERIAL OIL LIMITED ESG Web-based Reporting (67271058),xom
28,2022-04-15 19:04:39.026000+00:00,(EN) IMPERIAL OIL LIMITED ESG Web-based Reporting (67271123),xom
29,2022-04-15 13:08:43+00:00,Exxon Mobil Corporation - Comunicado ao Mercado,xom
30,2022-04-15 11:40:33.576000+00:00,EXXON MOBIL CORP -- PX14A6G,xom
31,2022-04-15 11:28:17.298000+00:00,(EN) IMPERIAL OIL LIMITED ESG - Health Pol (67271268),xom
32,2022-04-15 11:11:08.493000+00:00,(EN) IMPERIAL OIL LIMITED ESG - Career Pol (67271320),xom
33,2022-04-15 02:56:33.233000+00:00,"Supply Of Mobilux Ep2 Grease imported Lubricant For Tm Bearing Of Wap-5 Locos. Make Exxon Mobil Corporation, Irving, Texas, United State </br> ...",xom
34,2022-04-15 02:54:25+00:00,BRIEF-米シールド・エアー、エクソン・モービルおよびアホールド・デレーズＵＳＡと画期的な循環型社会への取り組みに着手,xom
35,2022-04-14 20:39:46+00:00,"Exxon Billings, Montana, crude unit could restart in May -sources",xom
36,2022-04-14 20:36:14+00:00,EXXON BILLINGS MONTANA CRUDE UNIT MAY RESTART IN MAY -SOURCES,xom
37,2022-04-14 19:50:18.520000+00:00,NYSE ORDER IMBALANCE <XOM.N> 283169.0 SHARES ON SELL SIDE,xom
38,2022-04-14 18:13:42+00:00,BUZZ-Oil companies up tracking crude on news EU may phase in a ban on Russian oil imports,xom
39,2022-04-14 17:06:22.053000+00:00,Here's Why Momentum Investors Will Love Imperial Oil (IMO),xom
40,2022-04-14 14:34:36+00:00,FACTBOX-German refineries try to operate without Russian crude,xom
41,2022-04-14 14:17:12+00:00,"Greek recoverable gas reserves seen topping 600 bcm, commission says",xom
42,2022-04-14 14:00:15.915000+00:00,EXXONMOBIL BEGINS DESIGN STUDIES FOR SOUTH EAST AUSTRALIA CARBON CAPTURE HUB IN GIPPSLAND,xom
43,2022-04-14 14:00:03+00:00,Exxon Mobil begins studies for carbon storage hub in southeast Australia,xom
44,2022-04-14 14:00:00.311000+00:00,ExxonMobil Begins Design Studies for South East Australia Carbon Capture Hub in Gippsland,xom
45,2022-04-14 14:00:00+00:00,EXXON MOBIL  - SEA CCS HUB PROJECT COULD START AS EARLY AS 2025,xom
46,2022-04-14 14:00:00+00:00,EXXON MOBIL  - SEA CCS HUB TO INITIALLY USE EXISTING INFRASTRUCTURE TO STORE CO2 IN DEPLETED BREAM FIELD,xom
47,2022-04-14 14:00:00+00:00,EXXON MOBIL - IN DISCUSSION WITH LOCAL EMISSIONS-INTENSIVE INDUSTRIES WHICH MAY BE INTERESTED IN ACCESSING SEA CCS HUB,xom
48,2022-04-14 14:00:00+00:00,EXXON MOBIL - SEA CCS HUB PROJECT COULD CAPTURE UP TO 2 MLN METRIC TONS OF CO2 PER YEAR,xom
49,2022-04-14 14:00:00+00:00,EXXON MOBIL - BEGINS DESIGN STUDIES FOR SOUTH EAST AUSTRALIA CARBON CAPTURE HUB IN GIPPSLAND,xom
50,2022-04-14 13:32:00.066000+00:00,"Global Benzene Market Capacity, Supply, Demand Insights & Forecasts Report 2022-2026 Featuring BASF, Royal Dutch Shell, Sinopec Corp, BP, DuPont de Nemours, and ExxonMobil - ResearchAndMarkets.com",xom
51,2022-04-14 12:40:35+00:00,Oil and Gas Authority - NSTA closes investigation and reminds industry of need for prompt collaboration on transactions,xom
52,2022-04-14 11:32:13.261000+00:00,"See, Exxonmobil, And Ahold Delhaize USA Collaborate On Groundbreaking Circularity Initiative",xom
53,2022-04-14 11:19:36+00:00,Sustainable Switch: Proxy season's greetings,xom
54,2022-04-14 11:16:11+00:00,"BRIEF-See, Exxonmobil, And Ahold Delhaize USA Collaborate On Groundbreaking Circularity Initiative",xom
55,2022-04-14 11:02:09.513000+00:00,SEALED AIR CORP - INITIATIVE IS EXPECTED TO BEGIN THIS SUMMER AND SCALE OVER TIME,xom
56,2022-04-14 05:15:35.496000+00:00,Amcor increases use of advance recycling materials using ExxonMobil technology,xom
57,2022-04-14 01:10:58.922000+00:00,"80010349-mobil Shc-634 Gear Case Lubricant For Wdg4 and Wdp4 Loco Bogie and Wap-7, Packed In 208/ 210 Ltrs. Non Returnable New Steel Drum.m/s. Exxo...",xom
58,2022-04-13 22:51:05.507000+00:00,Exxon Mobil (XOM) Outpaces Stock Market Gains: What You Should Know,xom
59,2022-04-13 21:11:59+00:00,"Exxon Baton Rouge, Louisiana, gasoline unit returns to full production after restart -sources",xom
60,2022-04-13 21:08:55+00:00,EXXON BATON ROUGE LOUISIANA GASOLINE UNIT RETURNS TO FULL PRODUCTION AFTER RESTART -SOURCES,xom
61,2022-04-13 19:50:16.275000+00:00,NYSE ORDER IMBALANCE <XOM.N> 102696.0 SHARES ON SELL SIDE,xom
62,2022-04-13 18:02:29+00:00,"BUZZ-U.S. STOCKS ON THE MOVE-Gap Inc, Warner Bros Discovery Inc, Peloton Interactive",xom
63,2022-04-13 16:45:59+00:00,BUZZ-Oil companies climb as supply worries lift crude prices,xom
64,2022-04-13 16:06:48+00:00,"BUZZ-U.S. STOCKS ON THE MOVE-JPMorgan Chase & Co, Antares Pharma, PayPal Holdings",xom
65,2022-04-13 13:28:13+00:00,UPDATE 1-Кашаган остановит добычу нефти в июне 22г из-за капремонта,xom
66,2022-04-13 13:27:50+00:00,"BUZZ-U.S. STOCKS ON THE MOVE-Sierra Oncology, Hillman Solutions, Delta Air Lines",xom
67,2022-04-13 11:42:54+00:00,"BUZZ-U.S. STOCKS ON THE MOVE-Antares Pharma, Alphabhet Inc, Sierra Oncology",xom
68,2022-04-13 11:24:25+00:00,BUZZ-Oil companies climb as supply worries lift crude prices,xom
69,2022-04-13 08:49:32+00:00,Кашаган остановит добычу нефти в июне 22г из-за капремонта,xom
70,2022-04-13 03:41:41.032000+00:00,全球最大獨立石油交易商維多：年底前將停止交易俄羅斯原油,xom
71,2022-04-13 03:41:41.017000+00:00,全球最大独立石油交易商维多：年底前将停止交易俄罗斯原油,xom
72,2022-04-13 02:28:33.218000+00:00,Supply Of Aar Approved/rdso Approved Grease For Cartridge Taper Roller Bearings Of Freight Stock Conforming To Rdso Specification No. Wd-24-misc.20...,xom
73,2022-04-13 01:10:24.287000+00:00,"Supply Of Exxon Arapen Rb 320 Grease For Ctrb , 'f' Class Emd Loco Axle Journal Bearings. </br> Exxon Arapen Rb 320 Grease For Ctrb, &#...",xom
74,2022-04-12 19:50:20.052000+00:00,NYSE ORDER IMBALANCE <XOM.N> 62043.0 SHARES ON SELL SIDE,xom
75,2022-04-12 18:17:38+00:00,"BUZZ-U.S. STOCKS ON THE MOVE-Lixte Biotechnology, Boeing Co, Worksport Ltd",xom
76,2022-04-12 17:10:57+00:00,Exxon Mobil Corporation - Comunicado ao Mercado,xom
77,2022-04-12 17:07:15.883000+00:00,Why Imperial Oil (IMO) is a Great Dividend Stock Right Now,xom
78,2022-04-12 16:12:08+00:00,"BUZZ-U.S. STOCKS ON THE MOVE-Astra Space, Biodesix Inc, Kohl's Corp",xom
79,2022-04-12 15:03:21.841000+00:00,EXXON MOBIL CORP -- PX14A6G,xom
80,2022-04-12 14:54:35.286000+00:00,ExxonMobil Versus Chevron: Which Oil Major Is a Better Buy?,xom
81,2022-04-12 13:24:43+00:00,"BUZZ-U.S. STOCKS ON THE MOVE-Meta Platforms, Lixte, Kohl's Corp, BioCardia",xom
82,2022-04-12 13:21:51.833000+00:00,Oil & Gas Stock Roundup Headlined by ExxonMobil & Shell's Q1 Updates,xom
83,2022-04-12 12:14:08+00:00,UPDATE 2-Greece speeds up gas exploration to help reduce Russia reliance,xom
84,2022-04-12 11:55:09+00:00,"BUZZ-U.S. STOCKS ON THE MOVE-Aeglea Bio, CrowdStrike Holdings, Hoth Therapeutics",xom
85,2022-04-12 11:15:00+00:00,BÖRSEN-TICKER-Steigender Ölpreis treibt Aktien von Ölkonzernen,xom
86,2022-04-12 10:55:11+00:00,"BUZZ-Oil cos rise as OPEC warning, easing Shanghai COVID curbs lift crude",xom
87,2022-04-12 03:33:03.875000+00:00,KAZAKHSTAN'S TENGIZ PRODUCES 7.3 MLN TONNES OF OIL IN JAN-MARCH - ENERGY MINISTER,xom
88,2022-04-12 03:32:28.478000+00:00,KAZAKHSTAN'S KASHAGAN PRODUCES 4.7 MLN TONNES OF OIL IN JAN-MARCH - ENERGY MINISTER,xom
89,2022-04-12 00:31:41.366000+00:00,庫存下降 美國天然氣期貨價格收于13年高位,xom
90,2022-04-12 00:31:41.334000+00:00,库存下降 美国天然气期货价格收于13年高位,xom
91,2022-04-12 00:19:14.872000+00:00,埃克森美孚推出Exceed(TM) S高性能聚乙烯,xom
92,2022-04-11 19:50:23.477000+00:00,NYSE ORDER IMBALANCE <XOM.N> 107041.0 SHARES ON SELL SIDE,xom
93,2022-04-11 18:42:03.512000+00:00,"ExxonMobil Introduces New Exceed(TM) S Performance Polyethylene, Enabling Converters to Rethink Film Design for Simpler Solutions",xom
94,2022-04-11 16:31:48.339000+00:00,ExxonMobil (XOM) Projects $9.3B Worth Upstream Earnings for Q1,xom
95,2022-04-11 14:51:47.061000+00:00,Why ExxonMobil (XOM) Stock Might be a Great Pick,xom
96,2022-04-11 13:38:25.085000+00:00,エクソンモービルが新たなExceed（TM）S高性能ポリエチレンを発売し、コンバーターがよりシンプルなソリューションに向けたフィルムデザインを見直すことを可能にする,xom
97,2022-04-11 13:30:05.974000+00:00,ExxonMobil presenta el nuevo polietileno de rendimiento Exceed™ S,xom
98,2022-04-11 13:28:00.152000+00:00,เอ็กซอนโมบิล ขอแนะนำพอลิเอทิลีนประสิทธิภาพสูง Exceed™ S ช่วยให้โรงงานแปรรูปพลาสติกออกแบบฟิล์มได้ง่ายขึ้นสำหรับการใช้งานรูปแบบต่าง ๆ,xom
99,2022-04-11 13:25:20.974000+00:00,Le nouveau polyéthylène haute performance ExxonMobil Exceed™ S permet aux transformateurs de repenser la conception des films pour des solutions plus simples.,xom
